year_group,sow_set,id,term,week,dates,cycle,unit,unitName,lessonNo,lessonName,type,obj,alert
Year 12,P12 (Ma1P12 / Ma2P12),y12_p12_001,Michaelmas,M1A,27-28 Aug 2026,A,0,Start of Year,,"Induction, routines and diagnostic",flex,"Set up folders/books, calculator expectations, exam-board routines and diagnostic information. No first teaching.",partial start
Year 12,P12 (Ma1P12 / Ma2P12),y12_p12_002,Michaelmas,M1A,27-28 Aug 2026,A,0,Start of Year,,Baseline check and course expectations,flex,"Set up folders/books, calculator expectations, exam-board routines and diagnostic information. No first teaching.",partial start
Year 12,P12 (Ma1P12 / Ma2P12),y12_p12_003,Michaelmas,M2B,31 Aug-4 Sep 2026,B,1,P1.1. Algebraic Expressions,,P1.1.1 Index Laws + P1.1.2 Expanding Brackets,core,Apply and manipulate index laws for integer and fractional powers. Simplify algebraic and numerical expressions using index notation. / Expand single and double brackets using the distributive law. Simplify expressions by collecting like terms and combining results.,Yr 12 CAT4 testing Wed 2 Sep
Year 12,P12 (Ma1P12 / Ma2P12),y12_p12_004,Michaelmas,M2B,31 Aug-4 Sep 2026,B,1,P1.1. Algebraic Expressions,,P1.1.3 Factorising,core,"Factorise expressions using common factors, grouping, and special products. Verify factorisations by re-expanding expressions.",
Year 12,P12 (Ma1P12 / Ma2P12),y12_p12_005,Michaelmas,M2B,31 Aug-4 Sep 2026,B,1,P1.1. Algebraic Expressions,,P1.1.4 Negative and Fractional Indices,core,Interpret and apply negative and fractional indices in algebraic expressions. Convert between index and root notation to simplify powers.,
Year 12,P12 (Ma1P12 / Ma2P12),y12_p12_006,Michaelmas,M2B,31 Aug-4 Sep 2026,B,1,P1.1. Algebraic Expressions,,P1.1.5 Surds + P1.1.6 Rationalising Denominators,core,Simplify surds and express results in exact form. Rationalise and manipulate surd expressions within calculations. / Rationalise single- and two-term denominators. Simplify expressions containing surds in exact form.,
Year 12,P12 (Ma1P12 / Ma2P12),y12_p12_007,Michaelmas,M3A,7-11 Sep 2026,A,1,P1.1. Algebraic Expressions,,Revision,cse,Mixed revision and exam-style practice for P1.1. Algebraic Expressions.,Exeter 1 Thu 10 Sep
Year 12,P12 (Ma1P12 / Ma2P12),y12_p12_008,Michaelmas,M3A,7-11 Sep 2026,A,1,P1.1. Algebraic Expressions,★,Unit Test: P1.1. Algebraic Expressions,assessment,End-of-unit assessment for P1.1. Algebraic Expressions.,
Year 12,P12 (Ma1P12 / Ma2P12),y12_p12_009,Michaelmas,M3A,7-11 Sep 2026,A,2,P1.2. Quadratics & P1.3. Equations and Inequalities,,P1.2.1 Solving Quadratic Equations + P1.2.2 Completing the Square,core,"Solve quadratics by factorisation, formula, and completing the square. Verify and interpret real and non-real roots. / Express quadratics in completed square form. Use completed square form to identify turning points and solve equations.",
Year 12,P12 (Ma1P12 / Ma2P12),y12_p12_010,Michaelmas,M3A,7-11 Sep 2026,A,2,P1.2. Quadratics & P1.3. Equations and Inequalities,,P1.2.3 Functions,core,"Use function notation to define, evaluate, and interpret functions. Determine domain, range, and composite functions.",
Year 12,P12 (Ma1P12 / Ma2P12),y12_p12_011,Michaelmas,M4B,14-18 Sep 2026,B,2,P1.2. Quadratics & P1.3. Equations and Inequalities,,P1.2.4 Quadratic Graphs,core,"Sketch and interpret quadratic graphs from algebraic form. Identify key features including intercepts, vertex, and axis of symmetry.",
Year 12,P12 (Ma1P12 / Ma2P12),y12_p12_012,Michaelmas,M4B,14-18 Sep 2026,B,2,P1.2. Quadratics & P1.3. Equations and Inequalities,,P1.2.5 The Discriminant + P1.3.1 Linear Simultaneous Equations,core,Apply the discriminant to determine the nature of quadratic roots. Solve contextual problems involving parameterised discriminants. / Solve linear simultaneous equations algebraically and graphically. Interpret solutions in algebraic and contextual settings.,
Year 12,P12 (Ma1P12 / Ma2P12),y12_p12_013,Michaelmas,M4B,14-18 Sep 2026,B,2,P1.2. Quadratics & P1.3. Equations and Inequalities,,P1.3.2 Quadratic Simultaneous Equations + P1.3.3 Simultaneous Equations on Graphs,core,Solve quadratic linear systems by substitution or elimination. Interpret intersections graphically and algebraically. / Identify intersection points of functions graphically. Estimate and verify graphical solutions algebraically.,
Year 12,P12 (Ma1P12 / Ma2P12),y12_p12_014,Michaelmas,M4B,14-18 Sep 2026,B,2,P1.2. Quadratics & P1.3. Equations and Inequalities,,P1.3.4 Linear Inequalities,core,Solve and represent linear inequalities on a number line. Express and interpret inequality solutions in real contexts.,
Year 12,P12 (Ma1P12 / Ma2P12),y12_p12_015,Michaelmas,M5A,21-25 Sep 2026,A,2,P1.2. Quadratics & P1.3. Equations and Inequalities,,P1.3.5 Quadratic Inequalities,core,Solve and represent quadratic inequalities using graphs or sign diagrams. Interpret solutions in relation to real contexts and boundary points.,Yr 7-13 interim report 0 opens Wed 23 Sep
Year 12,P12 (Ma1P12 / Ma2P12),y12_p12_016,Michaelmas,M5A,21-25 Sep 2026,A,2,P1.2. Quadratics & P1.3. Equations and Inequalities,,P1.3.6 Inequalities on Graphs + P1.3.7 Regions,core,Represent single and combined inequalities graphically. Identify regions satisfying multiple constraints. / Construct and interpret feasible regions defined by inequalities. Solve optimisation problems within defined regions.,
Year 12,P12 (Ma1P12 / Ma2P12),y12_p12_017,Michaelmas,M5A,21-25 Sep 2026,A,2,P1.2. Quadratics & P1.3. Equations and Inequalities,,Revision,cse,Mixed revision and exam-style practice for P1.2. Quadratics P1.3. Equations and Inequalities.,
Year 12,P12 (Ma1P12 / Ma2P12),y12_p12_018,Michaelmas,M5A,21-25 Sep 2026,A,2,P1.2. Quadratics & P1.3. Equations and Inequalities,★,Unit Test: P1.2. Quadratics P1.3. Equations and Inequalities,assessment,End-of-unit assessment for P1.2. Quadratics P1.3. Equations and Inequalities.,
Year 12,P12 (Ma1P12 / Ma2P12),y12_p12_019,Michaelmas,M6B,28 Sep-2 Oct 2026,B,3,P1.4 Graphs and Transformations,,P1.4.1 Cubic Graphs + P1.4.2 Reciprocal Graphs,core,Sketch cubic graphs identifying roots and turning points. Solve related equations using graphical and algebraic methods. / Sketch and interpret graphs of the form y = k/x and y = k/x^2. Identify asymptotes and describe key features.,Year 12 progress check; IR0 closes Fri 9 Oct following week
Year 12,P12 (Ma1P12 / Ma2P12),y12_p12_020,Michaelmas,M6B,28 Sep-2 Oct 2026,B,3,P1.4 Graphs and Transformations,,P1.4.3 Points of Intersection,core,Determine intersection points between two or more functions. Interpret intersection points within algebraic or applied contexts.,
Year 12,P12 (Ma1P12 / Ma2P12),y12_p12_021,Michaelmas,M6B,28 Sep-2 Oct 2026,B,3,P1.4 Graphs and Transformations,,P1.4.4 Translating Graphs,core,Apply horizontal and vertical translations to functions. Describe translations using vector and function notation.,
Year 12,P12 (Ma1P12 / Ma2P12),y12_p12_022,Michaelmas,M6B,28 Sep-2 Oct 2026,B,3,P1.4 Graphs and Transformations,,P1.4.5 Stretching Graphs + P1.4.6 Transforming Functions,core,"Apply vertical and horizontal stretches to graphs. Describe the effects of scale factors on key points and features. / Combine reflections, stretches, and translations systematically. Interpret composite transformations both algebraically and graphically.",
Year 12,P12 (Ma1P12 / Ma2P12),y12_p12_023,Michaelmas,M7A,5-9 Oct 2026,A,3,P1.4 Graphs and Transformations,,Revision,cse,Mixed revision and exam-style practice for P1.4 Graphs and Transformations.,IR0 closes Fri 9 Oct; Year 10 PTC Thu 8 Oct
Year 12,P12 (Ma1P12 / Ma2P12),y12_p12_024,Michaelmas,M7A,5-9 Oct 2026,A,3,P1.4 Graphs and Transformations,★,Unit Test: P1.4 Graphs and Transformations,assessment,End-of-unit assessment for P1.4 Graphs and Transformations.,
Year 12,P12 (Ma1P12 / Ma2P12),y12_p12_025,Michaelmas,M7A,5-9 Oct 2026,A,4,P1.5 Straight Line Graphs,,P1.5.1 y = mx + c,core,Interpret and use the gradient–intercept form of a straight line. Determine gradient and intercept from equations and graphs.,
Year 12,P12 (Ma1P12 / Ma2P12),y12_p12_026,Michaelmas,M7A,5-9 Oct 2026,A,4,P1.5 Straight Line Graphs,,P1.5.2 Equations of Straight Lines + P1.5.3 Parallel and Perpendicular Lines,core,Find the equation of a straight line from given points or gradient. Apply coordinate geometry to solve contextual problems. / Identify and calculate gradients of parallel and perpendicular lines. Apply relationships between gradients to problem contexts.,
Year 12,P12 (Ma1P12 / Ma2P12),y12_p12_027,Michaelmas,M8B,12-16 Oct 2026,B,4,P1.5 Straight Line Graphs,,P1.5.4 Length and Area,core,"Calculate distances, midpoints, and areas using coordinate geometry. Apply to simple geometric problem solving.",Tue 13 Oct national holiday; no new heavy content before half-term
Year 12,P12 (Ma1P12 / Ma2P12),y12_p12_028,Michaelmas,M8B,12-16 Oct 2026,B,4,P1.5 Straight Line Graphs,,Revision,cse,Mixed revision and exam-style practice for P1.5 Straight Line Graphs.,
Year 12,P12 (Ma1P12 / Ma2P12),y12_p12_029,Michaelmas,M8B,12-16 Oct 2026,B,4,P1.5 Straight Line Graphs,★,Unit Test: P1.5 Straight Line Graphs,assessment,End-of-unit assessment for P1.5 Straight Line Graphs.,
Year 12,P12 (Ma1P12 / Ma2P12),y12_p12_030,Michaelmas,M9A,26-30 Oct 2026,A,5,P1.6 Trigonometric Ratios & P2.6 Trigonometric Identities and Equations,,P1.6.1 The Cosine Rule + P1.6.2 The Sine Rule,core,Apply the cosine rule to find missing sides or angles in triangles. Solve geometric and contextual problems using cosine relationships. / Apply the sine rule to calculate missing sides and angles. Resolve ambiguous cases and interpret results geometrically.,
Year 12,P12 (Ma1P12 / Ma2P12),y12_p12_031,Michaelmas,M9A,26-30 Oct 2026,A,5,P1.6 Trigonometric Ratios & P2.6 Trigonometric Identities and Equations,,P1.6.3 Areas of Triangles,core,Use the formula Â½ab sin C to find the area of a triangle. Apply to non-right-angled and real-world contexts.,
Year 12,P12 (Ma1P12 / Ma2P12),y12_p12_032,Michaelmas,M9A,26-30 Oct 2026,A,5,P1.6 Trigonometric Ratios & P2.6 Trigonometric Identities and Equations,,P1.6.4 Solving Triangle Problems,core,Combine sine and cosine rules to solve multi-step triangle problems. Apply knowledge to bearings and 3D geometry tasks.,
Year 12,P12 (Ma1P12 / Ma2P12),y12_p12_033,Michaelmas,M9A,26-30 Oct 2026,A,5,P1.6 Trigonometric Ratios & P2.6 Trigonometric Identities and Equations,,"P1.6.5 Graphs of Sine, Cosine and Tangent + P1.6.6 Transforming Trigonometric Graphs",core,"Sketch and interpret graphs of sine, cosine, and tangent functions. Identify amplitude, period, and key points. / Apply transformations to trigonometric graphs. Describe transformations algebraically and interpret graphically.",
Year 12,P12 (Ma1P12 / Ma2P12),y12_p12_034,Michaelmas,M10B,2-6 Nov 2026,B,5,P1.6 Trigonometric Ratios & P2.6 Trigonometric Identities and Equations,,P2.6.1 Angles in All Four Quadrants + P2.6.2 Exact Values of Trigonometrical Ratios,core,"Calculate and interpret trigonometric ratios for angles in all four quadrants using symmetry and the CAST rule. Apply knowledge of signs and reference angles to solve problems involving trigonometric functions across 0° - 360° (or 0 -2pi radians). / Recall and use exact trigonometric values for standard angles (0°, 30°, 45°, 60°, 90°) in degrees and radians. Apply exact values in algebraic, geometric, and contextual trigonometric problems without using a calculator.",Year 12 IR1 opens Mon 2 Nov
Year 12,P12 (Ma1P12 / Ma2P12),y12_p12_035,Michaelmas,M10B,2-6 Nov 2026,B,5,P1.6 Trigonometric Ratios & P2.6 Trigonometric Identities and Equations,,P2.6.3 Trigonometric Identities,core,"Derive and apply key trigonometric identities, including sin²+ cos² = 1, tan = sin/cos, and related forms. Simplify and manipulate expressions using identities to prove equivalence or transform trigonometric expressions.",
Year 12,P12 (Ma1P12 / Ma2P12),y12_p12_036,Michaelmas,M10B,2-6 Nov 2026,B,5,P1.6 Trigonometric Ratios & P2.6 Trigonometric Identities and Equations,,P2.6.4 Solve Simple Trigonometric Equations,core,Solve basic trigonometric equations within a given interval using symmetry and reference angles. Represent and interpret multiple solutions graphically on the unit circle or trigonometric graphs.,
Year 12,P12 (Ma1P12 / Ma2P12),y12_p12_037,Michaelmas,M10B,2-6 Nov 2026,B,5,P1.6 Trigonometric Ratios & P2.6 Trigonometric Identities and Equations,,P2.6.5 Harder Trigonometric Equations + P2.6.6 Equations and Identities,core,Solve multi-step and compound trigonometric equations involving multiple functions or identities. Verify and restrict solutions to appropriate domains in radians or degrees. / Prove and apply compound and double-angle identities to simplify and solve trigonometric equations. Combine algebraic manipulation and trigonometric relationships to establish equivalence or find exact solutions.,
Year 12,P12 (Ma1P12 / Ma2P12),y12_p12_038,Michaelmas,M11A,9-13 Nov 2026,A,5,P1.6 Trigonometric Ratios & P2.6 Trigonometric Identities and Equations,,Revision,cse,Mixed revision and exam-style practice for P1.6 Trigonometric Ratios P2.6 Trigonometric Identities and Equations.,Year 12 IR1 closes Thu 12 Nov
Year 12,P12 (Ma1P12 / Ma2P12),y12_p12_039,Michaelmas,M11A,9-13 Nov 2026,A,5,P1.6 Trigonometric Ratios & P2.6 Trigonometric Identities and Equations,★,Unit Test: P1.6 Trigonometric Ratios P2.6 Trigonometric Identities and Equations,assessment,End-of-unit assessment for P1.6 Trigonometric Ratios P2.6 Trigonometric Identities and Equations.,
Year 12,P12 (Ma1P12 / Ma2P12),y12_p12_040,Michaelmas,M11A,9-13 Nov 2026,A,6,P1.7 Radians,,P1.7.1 Radian Measure + P1.7.2 Arc Length,core,"Define and convert between degree and radian measure. Interpret angles and arc lengths in radians. / Calculate arc length using radians. Apply relationships between angle, radius, and length to real contexts.",
Year 12,P12 (Ma1P12 / Ma2P12),y12_p12_041,Michaelmas,M11A,9-13 Nov 2026,A,6,P1.7 Radians,,P1.7.3 Areas of Sectors and Segments,core,Calculate areas of sectors and segments using radians. Apply geometric reasoning to composite figures.,
Year 12,P12 (Ma1P12 / Ma2P12),y12_p12_042,Michaelmas,M12B,16-20 Nov 2026,B,6,P1.7 Radians,,Revision,cse,Mixed revision and exam-style practice for P1.7 Radians.,Year 12 IR1 checking window
Year 12,P12 (Ma1P12 / Ma2P12),y12_p12_043,Michaelmas,M12B,16-20 Nov 2026,B,6,P1.7 Radians,★,Unit Test: P1.7 Radians,assessment,End-of-unit assessment for P1.7 Radians.,
Year 12,P12 (Ma1P12 / Ma2P12),y12_p12_044,Michaelmas,M12B,16-20 Nov 2026,B,7,P2.1 Algebraic Methods,,P2.1.1 Algebraic Fractions + P2.1.2 Dividing Polynomials,core,Simplify and manipulate algebraic fractions. Apply to solve equations involving rational expressions. / Perform polynomial division using long and synthetic methods. Verify results through substitution.,
Year 12,P12 (Ma1P12 / Ma2P12),y12_p12_045,Michaelmas,M12B,16-20 Nov 2026,B,7,P2.1 Algebraic Methods,,P2.1.3 The Factor Theorem,core,Apply the Factor Theorem to test and find factors of polynomials. Solve polynomial equations using known factors.,
Year 12,P12 (Ma1P12 / Ma2P12),y12_p12_046,Michaelmas,M13A,23-27 Nov 2026,A,7,P2.1 Algebraic Methods,,P2.1.4 The Remainder Theorem,core,Use the Remainder Theorem to determine remainders from polynomial division. Connect to factorisation results.,Year 12 PTC Thu 26 Nov
Year 12,P12 (Ma1P12 / Ma2P12),y12_p12_047,Michaelmas,M13A,23-27 Nov 2026,A,7,P2.1 Algebraic Methods,,P2.1.5 Mathematical Proof + P2.1.6 Methods of Proof,core,"Construct clear mathematical proofs by deduction and exhaustion. Justify reasoning through algebraic argument. / Apply direct, contrapositive, and contradiction proofs. Communicate reasoning using formal mathematical language.",
Year 12,P12 (Ma1P12 / Ma2P12),y12_p12_048,Michaelmas,M13A,23-27 Nov 2026,A,7,P2.1 Algebraic Methods,,Revision,cse,Mixed revision and exam-style practice for P2.1 Algebraic Methods.,
Year 12,P12 (Ma1P12 / Ma2P12),y12_p12_049,Michaelmas,M13A,23-27 Nov 2026,A,7,P2.1 Algebraic Methods,★,Unit Test: P2.1 Algebraic Methods,assessment,End-of-unit assessment for P2.1 Algebraic Methods.,
Year 12,P12 (Ma1P12 / Ma2P12),y12_p12_050,Michaelmas,M14B,30 Nov-4 Dec 2026,B,8,"P2.2 Coordinate Geometry in the (x,y) Plane",,P2.2.1 Midpoints and Perpendicular Bisectors,core,"Find midpoints, gradients, and perpendicular bisectors. Apply to geometric reasoning problems.",
Year 12,P12 (Ma1P12 / Ma2P12),y12_p12_051,Michaelmas,M14B,30 Nov-4 Dec 2026,B,8,"P2.2 Coordinate Geometry in the (x,y) Plane",,P2.2.2 Equation of a Circle,core,Derive the equation of a circle from its centre and radius. Sketch and interpret circle equations graphically.,
Year 12,P12 (Ma1P12 / Ma2P12),y12_p12_052,Michaelmas,M14B,30 Nov-4 Dec 2026,B,8,"P2.2 Coordinate Geometry in the (x,y) Plane",,P2.2.3 Intersections of Straight Lines and Circles + P2.2.4 Use Tangent and Chord Properties,core,Find intersection points of circles and lines algebraically. Interpret results geometrically. / Apply tangent and chord properties of circles. Use relationships to solve geometric problems.,
Year 12,P12 (Ma1P12 / Ma2P12),y12_p12_053,Michaelmas,M14B,30 Nov-4 Dec 2026,B,8,"P2.2 Coordinate Geometry in the (x,y) Plane",,P2.2.5 Circles and Triangles,core,Solve coordinate geometry problems involving circles and triangles. Combine algebraic and geometric reasoning.,
Year 12,P12 (Ma1P12 / Ma2P12),y12_p12_054,Michaelmas,M15A,7-11 Dec 2026,A,8,"P2.2 Coordinate Geometry in the (x,y) Plane",,Revision,cse,"Mixed revision and exam-style practice for P2.2 Coordinate Geometry in the (x,y) Plane.",Mon 7 Dec and Thu 10 Dec national holidays; Sixth Form and IGCSE Options Fair Tue 8 Dec
Year 12,P12 (Ma1P12 / Ma2P12),y12_p12_055,Michaelmas,M15A,7-11 Dec 2026,A,8,"P2.2 Coordinate Geometry in the (x,y) Plane",★,"Unit Test: P2.2 Coordinate Geometry in the (x,y) Plane",assessment,"End-of-unit assessment for P2.2 Coordinate Geometry in the (x,y) Plane.",
Year 12,P12 (Ma1P12 / Ma2P12),y12_p12_056,Michaelmas,M16B,14-16 Dec 2026,B,9,P2.3 Exponentials and Logarithms,,P2.3.1 Exponential Functions,core,Recognise and sketch exponential functions. Apply exponential growth and decay in context.,Final partial week of Michaelmas
Year 12,P12 (Ma1P12 / Ma2P12),y12_p12_057,Michaelmas,M16B,14-16 Dec 2026,B,9,P2.3 Exponentials and Logarithms,,P2.3.2 Logarithms,core,Define and interpret logarithmic functions as inverses of exponentials. Evaluate logarithms for given bases.,
Year 12,P12 (Ma1P12 / Ma2P12),y12_p12_058,Lent,L1A,7-8 Jan 2027,A,9,P2.3 Exponentials and Logarithms,,P2.3.3 Laws of Logarithms + P2.3.4 Solving Equations Using Logarithms,core,Apply and manipulate the laws of logarithms. Simplify and solve logarithmic expressions. / Solve exponential and logarithmic equations algebraically. Interpret solutions in context.,Partial week; term starts Thu 7 Jan
Year 12,P12 (Ma1P12 / Ma2P12),y12_p12_059,Lent,L1A,7-8 Jan 2027,A,9,P2.3 Exponentials and Logarithms,,P2.3.5 Changing the Base of a Logarithm,core,Change the base of a logarithm and apply to evaluation problems. Use the change-of-base formula in problem solving.,
Year 12,P12 (Ma1P12 / Ma2P12),y12_p12_060,Lent,L2B,11-15 Jan 2027,B,0,Mock Week (off-timetable),,Year 12/13 mock week,flex,No regular teaching. Use for formal mock assessment or study routines as relevant.,"Year 12 and Year 13 mock week, no regular teaching"
Year 12,P12 (Ma1P12 / Ma2P12),y12_p12_061,Lent,L3A,18-22 Jan 2027,A,9,P2.3 Exponentials and Logarithms,,Revision,cse,Mixed revision and exam-style practice for P2.3 Exponentials and Logarithms.,Year 12/13 IR2 opens Mon 18 Jan; mock results report opens
Year 12,P12 (Ma1P12 / Ma2P12),y12_p12_062,Lent,L3A,18-22 Jan 2027,A,9,P2.3 Exponentials and Logarithms,★,Unit Test: P2.3 Exponentials and Logarithms,assessment,End-of-unit assessment for P2.3 Exponentials and Logarithms.,
Year 12,P12 (Ma1P12 / Ma2P12),y12_p12_063,Lent,L3A,18-22 Jan 2027,A,10,P2.4 The Binomial Expansion,,P2.4.1 Pascal’s Triangle,core,Generate coefficients using Pascal’s Triangle. Recognise patterns within binomial expansions.,
Year 12,P12 (Ma1P12 / Ma2P12),y12_p12_064,Lent,L3A,18-22 Jan 2027,A,10,P2.4 The Binomial Expansion,,P2.4.2 Factorial Notation,core,Use factorial notation in combinatorial contexts. Evaluate expressions involving factorials.,
Year 12,P12 (Ma1P12 / Ma2P12),y12_p12_065,Lent,L4B,25-29 Jan 2027,B,10,P2.4 The Binomial Expansion,,P2.4.3 The Binomial Expansion + P2.4.4 Solving Binomial Problems,core,Expand expressions using the Binomial Theorem. Identify specific terms and coefficients. / Solve contextual problems using binomial expansion. Apply expansion results to approximations.,Year 12/13 IR2 closes Thu 28 Jan
Year 12,P12 (Ma1P12 / Ma2P12),y12_p12_066,Lent,L4B,25-29 Jan 2027,B,10,P2.4 The Binomial Expansion,,P2.4.5 Binomial Estimation,core,Use binomial expansion for estimation and approximation. Evaluate limitations of binomial models.,
Year 12,P12 (Ma1P12 / Ma2P12),y12_p12_067,Lent,L4B,25-29 Jan 2027,B,10,P2.4 The Binomial Expansion,,Revision,cse,Mixed revision and exam-style practice for P2.4 The Binomial Expansion.,
Year 12,P12 (Ma1P12 / Ma2P12),y12_p12_068,Lent,L4B,25-29 Jan 2027,B,10,P2.4 The Binomial Expansion,★,Unit Test: P2.4 The Binomial Expansion,assessment,End-of-unit assessment for P2.4 The Binomial Expansion.,
Year 12,P12 (Ma1P12 / Ma2P12),y12_p12_069,Lent,L5A,1-5 Feb 2027,A,11,P2.5 Sequences and Series,,P2.5.1 Arithmetic Sequences + P2.5.2 Arithmetic Series,core,Define and generate arithmetic sequences using common differences. Solve problems involving nth term. / Calculate sums of arithmetic series. Apply formulae to contextual examples.,Year 12/13 mock results publish; IR2 completion
Year 12,P12 (Ma1P12 / Ma2P12),y12_p12_070,Lent,L5A,1-5 Feb 2027,A,11,P2.5 Sequences and Series,,P2.5.3 Geometric Sequences,core,Define geometric sequences and determine common ratios. Solve problems involving nth term of a geometric progression.,
Year 12,P12 (Ma1P12 / Ma2P12),y12_p12_071,Lent,L5A,1-5 Feb 2027,A,11,P2.5 Sequences and Series,,P2.5.4 Geometric Series + P2.5.5 Sum to Infinity,core,Calculate sums of geometric series. Apply to financial and growth contexts. / Determine sum to infinity for convergent geometric series. Apply to contextual situations involving limits.,
Year 12,P12 (Ma1P12 / Ma2P12),y12_p12_072,Lent,L5A,1-5 Feb 2027,A,11,P2.5 Sequences and Series,,P2.5.6 Sigma Notation,core,Use sigma notation to represent and manipulate series. Evaluate finite sums accurately.,
Year 12,P12 (Ma1P12 / Ma2P12),y12_p12_073,Lent,L6B,8-12 Feb 2027,B,11,P2.5 Sequences and Series,,P2.5.7 Recurrence Relations + P2.5.8 Modelling with Series,core,Form and analyse recurrence relations. Model iterative sequences numerically and algebraically. / Apply arithmetic and geometric series to real-world modelling. Interpret and critique results.,Year 13 PTC Wed 10 Feb; final week before half-term
Year 12,P12 (Ma1P12 / Ma2P12),y12_p12_074,Lent,L6B,8-12 Feb 2027,B,11,P2.5 Sequences and Series,,Revision,cse,Mixed revision and exam-style practice for P2.5 Sequences and Series.,
Year 12,P12 (Ma1P12 / Ma2P12),y12_p12_075,Lent,L6B,8-12 Feb 2027,B,11,P2.5 Sequences and Series,★,Unit Test: P2.5 Sequences and Series,assessment,End-of-unit assessment for P2.5 Sequences and Series.,
Year 12,P12 (Ma1P12 / Ma2P12),y12_p12_076,Lent,L6B,8-12 Feb 2027,B,12,P1.8 Differentiation & P2.7 Differentiation,,P1.8.1 Gradients of Curves + P1.8.2 Finding the Derivative,core,Understand the concept of a gradient of a curve. Determine gradients at specific points using differentiation. / Differentiate basic functions using first principles and standard rules. Apply to find rates of change.,
Year 12,P12 (Ma1P12 / Ma2P12),y12_p12_077,Lent,L7A,22-26 Feb 2027,A,12,P1.8 Differentiation & P2.7 Differentiation,,P1.8.3 Differentiating xⁿ,core,Differentiate functions of the form x^n. Use power rule to find general derivatives.,Return after half-term
Year 12,P12 (Ma1P12 / Ma2P12),y12_p12_078,Lent,L7A,22-26 Feb 2027,A,12,P1.8 Differentiation & P2.7 Differentiation,,P1.8.4 Differentiating Quadratics + P1.8.5 Differentiating Functions with Two or More Terms,core,Differentiate quadratic expressions. Apply derivatives to interpret rates and turning points. / Differentiate functions with multiple terms using linearity. Simplify and apply results to practical problems.,
Year 12,P12 (Ma1P12 / Ma2P12),y12_p12_079,Lent,L7A,22-26 Feb 2027,A,12,P1.8 Differentiation & P2.7 Differentiation,,"P1.8.6 Gradients, Tangents and Normals",core,Find equations of tangents and normals to curves. Interpret results geometrically and algebraically.,
Year 12,P12 (Ma1P12 / Ma2P12),y12_p12_080,Lent,L7A,22-26 Feb 2027,A,12,P1.8 Differentiation & P2.7 Differentiation,,P1.8.7 Second Order Derivatives + P2.7.1 Increasing and Decreasing Functions,core,Find and interpret second derivatives. Classify stationary points using second derivative tests. / Identify intervals of increasing and decreasing functions. Interpret gradient sign using first derivatives.,
Year 12,P12 (Ma1P12 / Ma2P12),y12_p12_081,Lent,L8B,1-5 Mar 2027,B,12,P1.8 Differentiation & P2.7 Differentiation,,P2.7.2 Stationary Points,core,"Find and classify stationary points. Determine maxima, minima, and points of inflection.",Year 13 full report 3 opens Thu 4 Mar; Year 12 IR3 opens Wed 3 Mar
Year 12,P12 (Ma1P12 / Ma2P12),y12_p12_082,Lent,L8B,1-5 Mar 2027,B,12,P1.8 Differentiation & P2.7 Differentiation,,P2.7.3 Sketching Gradient Functions + P2.7.4 Modelling with Differentiation,core,Sketch gradient functions for given curves. Relate features of derivative graphs to original functions. / Model real-world problems using differentiation. Interpret and justify optimisation results.,
Year 12,P12 (Ma1P12 / Ma2P12),y12_p12_083,Lent,L8B,1-5 Mar 2027,B,12,P1.8 Differentiation & P2.7 Differentiation,,Revision,cse,Mixed revision and exam-style practice for P1.8 Differentiation P2.7 Differentiation.,
Year 12,P12 (Ma1P12 / Ma2P12),y12_p12_084,Lent,L8B,1-5 Mar 2027,B,12,P1.8 Differentiation & P2.7 Differentiation,★,Unit Test: P1.8 Differentiation P2.7 Differentiation,assessment,End-of-unit assessment for P1.8 Differentiation P2.7 Differentiation.,
Year 12,P12 (Ma1P12 / Ma2P12),y12_p12_085,Lent,L9A,8-12 Mar 2027,A,13,P1.9 Integration & P2.8 Integration,,P1.9.1 Integrating xⁿ + P1.9.2 Indefinite Integrals,core,Integrate functions of the form x^n. Understand integration as the reverse of differentiation. / Find indefinite integrals and include constant of integration. Use integration to reconstruct functions.,IR3 / full report closes and checking window
Year 12,P12 (Ma1P12 / Ma2P12),y12_p12_086,Lent,L9A,8-12 Mar 2027,A,13,P1.9 Integration & P2.8 Integration,,P1.9.3 Finding Functions,core,Determine a function from its derivative. Apply integration in modelling and motion contexts.,
Year 12,P12 (Ma1P12 / Ma2P12),y12_p12_087,Lent,L9A,8-12 Mar 2027,A,13,P1.9 Integration & P2.8 Integration,,P2.8.1 Definite Integrals,core,Evaluate definite integrals between given limits. Interpret integrals as area under curves.,
Year 12,P12 (Ma1P12 / Ma2P12),y12_p12_088,Lent,L9A,8-12 Mar 2027,A,13,P1.9 Integration & P2.8 Integration,,P2.8.2 Areas Under Curves + P2.8.3 Areas Under the x-Axis,core,Calculate and interpret areas under curves using integration. Connect graphical and analytical approaches. / Calculate areas below the x-axis and interpret as signed quantities. Apply in composite problems.,
Year 12,P12 (Ma1P12 / Ma2P12),y12_p12_089,Lent,L10B,15-19 Mar 2027,B,13,P1.9 Integration & P2.8 Integration,,P2.8.4 Areas Between Curves and Lines + P2.8.5 Areas Between Two Curves,core,Determine areas between curves and lines using integration. Interpret in applied contexts. / Find areas enclosed between two curves. Evaluate differences of definite integrals.,First teaching completion target by Fri 19 Mar
Year 12,P12 (Ma1P12 / Ma2P12),y12_p12_090,Lent,L10B,15-19 Mar 2027,B,13,P1.9 Integration & P2.8 Integration,,P2.8.6 The Trapezium Rule,core,Apply the trapezium rule to estimate areas. Compare numerical results to exact integrals.,
Year 12,P12 (Ma1P12 / Ma2P12),y12_p12_091,Lent,L10B,15-19 Mar 2027,B,13,P1.9 Integration & P2.8 Integration,,Revision,cse,Mixed revision and exam-style practice for P1.9 Integration P2.8 Integration.,
Year 12,P12 (Ma1P12 / Ma2P12),y12_p12_092,Lent,L10B,15-19 Mar 2027,B,13,P1.9 Integration & P2.8 Integration,★,Unit Test: P1.9 Integration P2.8 Integration,assessment,End-of-unit assessment for P1.9 Integration P2.8 Integration.,
Year 12,P12 (Ma1P12 / Ma2P12),y12_p12_093,Lent,L11A,22-26 Mar 2027,A,0,Past paper window,,Past paper practice and correction,cse,"Timed exam questions, mark scheme work, error analysis and targeted reteach. No new first teaching.",Past papers only
Year 12,P12 (Ma1P12 / Ma2P12),y12_p12_094,Lent,L11A,22-26 Mar 2027,A,0,Past paper window,,Past paper practice and correction,cse,"Timed exam questions, mark scheme work, error analysis and targeted reteach. No new first teaching.",Past papers only
Year 12,P12 (Ma1P12 / Ma2P12),y12_p12_095,Lent,L11A,22-26 Mar 2027,A,0,Past paper window,,Past paper practice and correction,cse,"Timed exam questions, mark scheme work, error analysis and targeted reteach. No new first teaching.",Past papers only
Year 12,P12 (Ma1P12 / Ma2P12),y12_p12_096,Lent,L11A,22-26 Mar 2027,A,0,Past paper window,,Past paper practice and correction,cse,"Timed exam questions, mark scheme work, error analysis and targeted reteach. No new first teaching.",Past papers only
Year 12,P12 (Ma1P12 / Ma2P12),y12_p12_097,Lent,L12B,29 Mar-2 Apr 2027,B,0,Past paper window,,Past paper practice and correction,cse,"Timed exam questions, mark scheme work, error analysis and targeted reteach. No new first teaching.",Past papers only; end of Lent
Year 12,P12 (Ma1P12 / Ma2P12),y12_p12_098,Lent,L12B,29 Mar-2 Apr 2027,B,0,Past paper window,,Past paper practice and correction,cse,"Timed exam questions, mark scheme work, error analysis and targeted reteach. No new first teaching.",Past papers only; end of Lent
Year 12,P12 (Ma1P12 / Ma2P12),y12_p12_099,Lent,L12B,29 Mar-2 Apr 2027,B,0,Past paper window,,Past paper practice and correction,cse,"Timed exam questions, mark scheme work, error analysis and targeted reteach. No new first teaching.",Past papers only; end of Lent
Year 12,P12 (Ma1P12 / Ma2P12),y12_p12_100,Lent,L12B,29 Mar-2 Apr 2027,B,0,Past paper window,,Past paper practice and correction,cse,"Timed exam questions, mark scheme work, error analysis and targeted reteach. No new first teaching.",Past papers only; end of Lent
Year 12,P12 (Ma1P12 / Ma2P12),y12_p12_101,Summer,S1A,19-23 Apr 2027,A,0,Final Revision / Study Leave,,Summer revision / study leave / external exams,flex,"No planned first teaching. Use only for final revision, exam readiness, intervention or study leave.",Final revision / exam readiness
Year 12,P12 (Ma1P12 / Ma2P12),y12_p12_102,Summer,S2B,26-30 Apr 2027,B,0,Final Revision / Study Leave,,Summer revision / study leave / external exams,flex,"No planned first teaching. Use only for final revision, exam readiness, intervention or study leave.",Final revision / exam readiness
Year 12,P12 (Ma1P12 / Ma2P12),y12_p12_103,Summer,S3A,3-7 May 2027,A,0,Final Revision / Study Leave,,Summer revision / study leave / external exams,flex,"No planned first teaching. Use only for final revision, exam readiness, intervention or study leave.",Tue 4 May national holiday; final revision / exams
Year 12,P12 (Ma1P12 / Ma2P12),y12_p12_104,Summer,S4B,10-14 May 2027,B,0,Final Revision / Study Leave,,Summer revision / study leave / external exams,flex,"No planned first teaching. Use only for final revision, exam readiness, intervention or study leave.",Final revision / external exams
Year 12,P12 (Ma1P12 / Ma2P12),y12_p12_105,Summer,S5A,17-21 May 2027,A,0,Final Revision / Study Leave,,Summer revision / study leave / external exams,flex,"No planned first teaching. Use only for final revision, exam readiness, intervention or study leave.",External exams / study leave
Year 12,P12 (Ma1P12 / Ma2P12),y12_p12_106,Summer,S6B,24-28 May 2027,B,0,Final Revision / Study Leave,,Summer revision / study leave / external exams,flex,"No planned first teaching. Use only for final revision, exam readiness, intervention or study leave.",External exams / study leave
Year 12,P12 (Ma1P12 / Ma2P12),y12_p12_107,Summer,S7A,31 May-4 Jun 2027,A,0,Final Revision / Study Leave,,Summer revision / study leave / external exams,flex,"No planned first teaching. Use only for final revision, exam readiness, intervention or study leave.",Thu 3 and Fri 4 Jun national holidays
Year 12,P12 (Ma1P12 / Ma2P12),y12_p12_108,Summer,S8B,7-11 Jun 2027,B,0,Final Revision / Study Leave,,Summer revision / study leave / external exams,flex,"No planned first teaching. Use only for final revision, exam readiness, intervention or study leave.",External exams / study leave
Year 12,P12 (Ma1P12 / Ma2P12),y12_p12_109,Summer,S9A,14-18 Jun 2027,A,0,Final Revision / Study Leave,,Summer revision / study leave / external exams,flex,"No planned first teaching. Use only for final revision, exam readiness, intervention or study leave.",External exams / study leave
Year 12,P12 (Ma1P12 / Ma2P12),y12_p12_110,Summer,S10B,21-25 Jun 2027,B,0,Final Revision / Study Leave,,Summer revision / study leave / external exams,flex,"No planned first teaching. Use only for final revision, exam readiness, intervention or study leave.",External exams / study leave
Year 12,P12 (Ma1P12 / Ma2P12),y12_p12_111,Summer,S11A,28-30 Jun 2027,A,0,Final Revision / Study Leave,,Summer revision / study leave / external exams,flex,"No planned first teaching. Use only for final revision, exam readiness, intervention or study leave.",Final week off timetable
Year 12,S1 (Ma1S1 / Ma2S1),y12_s1_001,Michaelmas,M1A,27-28 Aug 2026,A,0,Start of Year,,"Induction, routines and diagnostic",flex,"Set up folders/books, calculator expectations, exam-board routines and diagnostic information. No first teaching.",partial start
Year 12,S1 (Ma1S1 / Ma2S1),y12_s1_002,Michaelmas,M2B,31 Aug-4 Sep 2026,B,1,S1.1 Mathematical Modelling & S1.2 Measures of Location and Spread,,S1.1.1 Mathematical Models + S1.1.2 Designing a Model,core,Describe the purpose and limitations of mathematical models. Construct and evaluate models to represent real-world situations. / Identify assumptions made in designing statistical models. Evaluate how changes to assumptions affect model validity and accuracy.,Yr 12 CAT4 testing Wed 2 Sep
Year 12,S1 (Ma1S1 / Ma2S1),y12_s1_003,Michaelmas,M3A,7-11 Sep 2026,A,1,S1.1 Mathematical Modelling & S1.2 Measures of Location and Spread,,S1.2.1 Types of Data,core,"Distinguish between qualitative, quantitative, discrete, and continuous data. Identify appropriate data collection and representation methods for each type.",Exeter 1 Thu 10 Sep
Year 12,S1 (Ma1S1 / Ma2S1),y12_s1_004,Michaelmas,M3A,7-11 Sep 2026,A,1,S1.1 Mathematical Modelling & S1.2 Measures of Location and Spread,,S1.2.2 Measures of Central Tendency + S1.2.3 Other Measures of Location,core,"Calculate and interpret mean, median, and mode for ungrouped and grouped data. Select appropriate measures for different data sets and contexts. / Calculate quartiles, percentiles, and deciles. Interpret location measures in context to compare distributions.",
Year 12,S1 (Ma1S1 / Ma2S1),y12_s1_005,Michaelmas,M4B,14-18 Sep 2026,B,1,S1.1 Mathematical Modelling & S1.2 Measures of Location and Spread,,S1.2.4 Measures of Spread,core,"Calculate range, interquartile range, and standard deviation. Interpret measures of spread to compare data consistency and variability.",
Year 12,S1 (Ma1S1 / Ma2S1),y12_s1_006,Michaelmas,M5A,21-25 Sep 2026,A,1,S1.1 Mathematical Modelling & S1.2 Measures of Location and Spread,,S1.2.5 Variance and Standard Deviation + S1.2.6 Coding,core,Derive and apply the formulae for variance and standard deviation. Interpret results and assess the reliability of data. / Apply coding techniques to simplify statistical calculations. Explain the effect of coding on measures of location and spread.,Yr 7-13 interim report 0 opens Wed 23 Sep
Year 12,S1 (Ma1S1 / Ma2S1),y12_s1_007,Michaelmas,M5A,21-25 Sep 2026,A,1,S1.1 Mathematical Modelling & S1.2 Measures of Location and Spread,,Revision,cse,Mixed revision and exam-style practice for S1.1 Mathematical Modelling S1.2 Measures of Location and Spread.,
Year 12,S1 (Ma1S1 / Ma2S1),y12_s1_008,Michaelmas,M6B,28 Sep-2 Oct 2026,B,1,S1.1 Mathematical Modelling & S1.2 Measures of Location and Spread,★,Unit Test: S1.1 Mathematical Modelling S1.2 Measures of Location and Spread,assessment,End-of-unit assessment for S1.1 Mathematical Modelling S1.2 Measures of Location and Spread.,Year 12 progress check; IR0 closes Fri 9 Oct following week
Year 12,S1 (Ma1S1 / Ma2S1),y12_s1_009,Michaelmas,M7A,5-9 Oct 2026,A,2,S1.3 Representations of Data,,S1.3.1 Histograms + S1.3.2 Outliers,core,"Construct and interpret histograms for grouped frequency data. Estimate statistics from histograms, including modal class and mean. / Identify outliers using interquartile range criteria. Assess their impact on statistical summaries and interpretations.",IR0 closes Fri 9 Oct; Year 10 PTC Thu 8 Oct
Year 12,S1 (Ma1S1 / Ma2S1),y12_s1_010,Michaelmas,M7A,5-9 Oct 2026,A,2,S1.3 Representations of Data,,S1.3.3 Box Plots + S1.3.4 Stem and Leaf Diagrams,core,"Construct box plots using key summary statistics. Compare distributions using median, range, and interquartile range. / Organise raw data using stem and leaf diagrams. Interpret data spread and identify patterns or outliers.",
Year 12,S1 (Ma1S1 / Ma2S1),y12_s1_011,Michaelmas,M8B,12-16 Oct 2026,B,2,S1.3 Representations of Data,,S1.3.5 Skewness + S1.3.6 Comparing Data,core,"Identify and describe positive and negative skew from data representations. Relate skewness to mean, median, and mode relationships. / Compare two or more data sets using numerical and graphical measures. Evaluate consistency and reliability based on location and spread.",Tue 13 Oct national holiday; no new heavy content before half-term
Year 12,S1 (Ma1S1 / Ma2S1),y12_s1_012,Michaelmas,M9A,26-30 Oct 2026,A,2,S1.3 Representations of Data,,Revision,cse,Mixed revision and exam-style practice for S1.3 Representations of Data.,
Year 12,S1 (Ma1S1 / Ma2S1),y12_s1_013,Michaelmas,M9A,26-30 Oct 2026,A,2,S1.3 Representations of Data,★,Unit Test: S1.3 Representations of Data,assessment,End-of-unit assessment for S1.3 Representations of Data.,
Year 12,S1 (Ma1S1 / Ma2S1),y12_s1_014,Michaelmas,M10B,2-6 Nov 2026,B,3,S1.5 Correlation and Regression,,S1.5.1 Scatter Diagrams + S1.5.2 Linear Regression,core,Plot and interpret scatter diagrams to describe correlation. Distinguish between correlation and causation. / Interpret regression lines as predictive models. Use regression lines to estimate dependent variable values.,Year 12 IR1 opens Mon 2 Nov
Year 12,S1 (Ma1S1 / Ma2S1),y12_s1_015,Michaelmas,M11A,9-13 Nov 2026,A,3,S1.5 Correlation and Regression,,S1.5.3 Calculating Least Squares Linear Regression + S1.5.4 The Product Moment Correlation Coefficient,core,Derive least squares regression equations. Use regression coefficients to analyse data relationships. / Calculate and interpret the product moment correlation coefficient (r). Assess strength and direction of linear correlation in context.,Year 12 IR1 closes Thu 12 Nov
Year 12,S1 (Ma1S1 / Ma2S1),y12_s1_016,Michaelmas,M11A,9-13 Nov 2026,A,3,S1.5 Correlation and Regression,,Revision,cse,Mixed revision and exam-style practice for S1.5 Correlation and Regression.,
Year 12,S1 (Ma1S1 / Ma2S1),y12_s1_017,Michaelmas,M12B,16-20 Nov 2026,B,3,S1.5 Correlation and Regression,★,Unit Test: S1.5 Correlation and Regression,assessment,End-of-unit assessment for S1.5 Correlation and Regression.,Year 12 IR1 checking window
Year 12,S1 (Ma1S1 / Ma2S1),y12_s1_018,Michaelmas,M13A,23-27 Nov 2026,A,4,S1.4 Probability,,S1.4.1 Understanding the Vocabulary Used in Probability + S1.4.2 Venn Diagrams,core,"Define basic probability terminology and notation. Use probability language to describe and interpret outcomes of events. / Represent events using Venn diagrams. Interpret intersections, unions, and complements in probability problems.",Year 12 PTC Thu 26 Nov
Year 12,S1 (Ma1S1 / Ma2S1),y12_s1_019,Michaelmas,M13A,23-27 Nov 2026,A,4,S1.4 Probability,,S1.4.3 Mutually Exclusive and Independent Events + S1.4.4 Set Notation,core,Distinguish between mutually exclusive and independent events. Apply probability rules to solve related problems. / Use set notation to represent events and relationships. Translate between algebraic and diagrammatic representations.,
Year 12,S1 (Ma1S1 / Ma2S1),y12_s1_020,Michaelmas,M14B,30 Nov-4 Dec 2026,B,4,S1.4 Probability,,P1 & P2 Exam Prep,core,,
Year 12,S1 (Ma1S1 / Ma2S1),y12_s1_021,Michaelmas,M15A,7-11 Dec 2026,A,4,S1.4 Probability,,S1.4.5 Conditional Probability + S1.4.6 Conditional Probabilities in Venn Diagrams,core,Calculate conditional probabilities using given data. Interpret results within contextual problems. / Represent conditional probabilities visually on Venn diagrams. Apply formulas to verify relationships between events.,Mon 7 Dec and Thu 10 Dec national holidays; Sixth Form and IGCSE Options Fair Tue 8 Dec
Year 12,S1 (Ma1S1 / Ma2S1),y12_s1_022,Michaelmas,M16B,14-16 Dec 2026,B,4,S1.4 Probability,,S1.4.7 Probability Formulae + S1.4.8 Tree Diagrams,core,Apply the addition and multiplication laws of probability. Use probability formulae to calculate complex event probabilities. / Construct and interpret probability tree diagrams. Calculate probabilities for combined or dependent events.,Final partial week of Michaelmas
Year 12,S1 (Ma1S1 / Ma2S1),y12_s1_023,Lent,L1A,7-8 Jan 2027,A,4,S1.4 Probability,,Revision,cse,Mixed revision and exam-style practice for S1.4 Probability.,Partial week; term starts Thu 7 Jan
Year 12,S1 (Ma1S1 / Ma2S1),y12_s1_024,Lent,L2B,11-15 Jan 2027,B,0,Mock Week (off-timetable),,Year 12/13 mock week,flex,No regular teaching. Use for formal mock assessment or study routines as relevant.,"Year 12 and Year 13 mock week, no regular teaching"
Year 12,S1 (Ma1S1 / Ma2S1),y12_s1_025,Lent,L3A,18-22 Jan 2027,A,4,S1.4 Probability,★,Unit Test: S1.4 Probability,assessment,End-of-unit assessment for S1.4 Probability.,Year 12/13 IR2 opens Mon 18 Jan; mock results report opens
Year 12,S1 (Ma1S1 / Ma2S1),y12_s1_026,Lent,L3A,18-22 Jan 2027,A,5,S1.6 Discrete Random Variables,,S1.6.1 Discrete Random Variables + S1.6.2 Finding the Cumulative Distribution Function for a Discrete Random Variable,core,Define a discrete random variable and construct a probability distribution table. Interpret expected outcomes from given distributions. / Calculate and plot the cumulative distribution function. Use the CDF to find probabilities for given intervals.,
Year 12,S1 (Ma1S1 / Ma2S1),y12_s1_027,Lent,L4B,25-29 Jan 2027,B,5,S1.6 Discrete Random Variables,,S1.6.3 Expected Value of a Discrete Random Variable + S1.6.4 Variance of a Discrete Random Variable,core,Calculate expected values from probability distributions. Interpret expected value in context as a long-run average. / Calculate variance and standard deviation of discrete distributions. Compare variability across distributions using numerical results.,Year 12/13 IR2 closes Thu 28 Jan
Year 12,S1 (Ma1S1 / Ma2S1),y12_s1_028,Lent,L5A,1-5 Feb 2027,A,5,S1.6 Discrete Random Variables,,S1.6.5 Expected Value and Variance of a Function of x,core,Determine expected value and variance for functions of a random variable. Apply results to contextual problem solving.,Year 12/13 mock results publish; IR2 completion
Year 12,S1 (Ma1S1 / Ma2S1),y12_s1_029,Lent,L5A,1-5 Feb 2027,A,5,S1.6 Discrete Random Variables,,S1.6.6 Solving Problems Involving Random Variables + S1.6.7 Using Discrete Uniform Distribution as a Model for the Probability Distribution of the Outcomes of Certain Experiments,core,Formulate and solve contextual probability problems involving random variables. Interpret solutions and assumptions in context. / Model simple experiments using the discrete uniform distribution. Calculate probabilities and expected values from uniform models.,
Year 12,S1 (Ma1S1 / Ma2S1),y12_s1_030,Lent,L6B,8-12 Feb 2027,B,5,S1.6 Discrete Random Variables,,Revision,cse,Mixed revision and exam-style practice for S1.6 Discrete Random Variables.,Year 13 PTC Wed 10 Feb; final week before half-term
Year 12,S1 (Ma1S1 / Ma2S1),y12_s1_031,Lent,L7A,22-26 Feb 2027,A,5,S1.6 Discrete Random Variables,★,Unit Test: S1.6 Discrete Random Variables,assessment,End-of-unit assessment for S1.6 Discrete Random Variables.,Return after half-term
Year 12,S1 (Ma1S1 / Ma2S1),y12_s1_032,Lent,L7A,22-26 Feb 2027,A,6,S1.7 The Normal Distribution,,S1.7.1 The Normal Distribution + S1.7.2 Using Tables to Find Probabilities of the Standard Normal Distribution z,core,Recognise features of the normal distribution and its parameters. Interpret probabilities using the normal curve. / Use standard normal tables to find probabilities for given z-values. Apply standardisation to calculate related probabilities.,
Year 12,S1 (Ma1S1 / Ma2S1),y12_s1_033,Lent,L8B,1-5 Mar 2027,B,6,S1.7 The Normal Distribution,,S1.7.3 Using Tables to Find the Value of z Given a Probability,core,Use tables inversely to determine z-values from probabilities. Interpret z-values in real-world contexts.,Year 13 full report 3 opens Thu 4 Mar; Year 12 IR3 opens Wed 3 Mar
Year 12,S1 (Ma1S1 / Ma2S1),y12_s1_034,Lent,L9A,8-12 Mar 2027,A,6,S1.7 The Normal Distribution,,S1.7.4 The Standard Normal Distribution + S1.7.5 Finding μ and σ,core,Define the standard normal distribution and its properties. Apply z-transformation to standardise any normal variable. / Use normal distribution data to estimate mean and standard deviation. Solve applied problems involving reverse standardisation.,IR3 / full report closes and checking window
Year 12,S1 (Ma1S1 / Ma2S1),y12_s1_035,Lent,L9A,8-12 Mar 2027,A,6,S1.7 The Normal Distribution,,Revision,cse,Mixed revision and exam-style practice for S1.7 The Normal Distribution.,
Year 12,S1 (Ma1S1 / Ma2S1),y12_s1_036,Lent,L10B,15-19 Mar 2027,B,6,S1.7 The Normal Distribution,★,Unit Test: S1.7 The Normal Distribution,assessment,End-of-unit assessment for S1.7 The Normal Distribution.,First teaching completion target by Fri 19 Mar
Year 12,S1 (Ma1S1 / Ma2S1),y12_s1_037,Lent,L11A,22-26 Mar 2027,A,0,Past paper window,,Past paper practice and correction,cse,"Timed exam questions, mark scheme work, error analysis and targeted reteach. No new first teaching.",Past papers only
Year 12,S1 (Ma1S1 / Ma2S1),y12_s1_038,Lent,L11A,22-26 Mar 2027,A,0,Past paper window,,Past paper practice and correction,cse,"Timed exam questions, mark scheme work, error analysis and targeted reteach. No new first teaching.",Past papers only
Year 12,S1 (Ma1S1 / Ma2S1),y12_s1_039,Lent,L12B,29 Mar-2 Apr 2027,B,0,Past paper window,,Past paper practice and correction,cse,"Timed exam questions, mark scheme work, error analysis and targeted reteach. No new first teaching.",Past papers only; end of Lent
Year 12,S1 (Ma1S1 / Ma2S1),y12_s1_040,Summer,S1A,19-23 Apr 2027,A,0,Final Revision / Study Leave,,Summer revision / study leave / external exams,flex,"No planned first teaching. Use only for final revision, exam readiness, intervention or study leave.",Final revision / exam readiness
Year 12,S1 (Ma1S1 / Ma2S1),y12_s1_041,Summer,S2B,26-30 Apr 2027,B,0,Final Revision / Study Leave,,Summer revision / study leave / external exams,flex,"No planned first teaching. Use only for final revision, exam readiness, intervention or study leave.",Final revision / exam readiness
Year 12,S1 (Ma1S1 / Ma2S1),y12_s1_042,Summer,S3A,3-7 May 2027,A,0,Final Revision / Study Leave,,Summer revision / study leave / external exams,flex,"No planned first teaching. Use only for final revision, exam readiness, intervention or study leave.",Tue 4 May national holiday; final revision / exams
Year 12,S1 (Ma1S1 / Ma2S1),y12_s1_043,Summer,S4B,10-14 May 2027,B,0,Final Revision / Study Leave,,Summer revision / study leave / external exams,flex,"No planned first teaching. Use only for final revision, exam readiness, intervention or study leave.",Final revision / external exams
Year 12,S1 (Ma1S1 / Ma2S1),y12_s1_044,Summer,S5A,17-21 May 2027,A,0,Final Revision / Study Leave,,Summer revision / study leave / external exams,flex,"No planned first teaching. Use only for final revision, exam readiness, intervention or study leave.",External exams / study leave
Year 12,S1 (Ma1S1 / Ma2S1),y12_s1_045,Summer,S6B,24-28 May 2027,B,0,Final Revision / Study Leave,,Summer revision / study leave / external exams,flex,"No planned first teaching. Use only for final revision, exam readiness, intervention or study leave.",External exams / study leave
Year 12,S1 (Ma1S1 / Ma2S1),y12_s1_046,Summer,S7A,31 May-4 Jun 2027,A,0,Final Revision / Study Leave,,Summer revision / study leave / external exams,flex,"No planned first teaching. Use only for final revision, exam readiness, intervention or study leave.",Thu 3 and Fri 4 Jun national holidays
Year 12,S1 (Ma1S1 / Ma2S1),y12_s1_047,Summer,S8B,7-11 Jun 2027,B,0,Final Revision / Study Leave,,Summer revision / study leave / external exams,flex,"No planned first teaching. Use only for final revision, exam readiness, intervention or study leave.",External exams / study leave
Year 12,S1 (Ma1S1 / Ma2S1),y12_s1_048,Summer,S9A,14-18 Jun 2027,A,0,Final Revision / Study Leave,,Summer revision / study leave / external exams,flex,"No planned first teaching. Use only for final revision, exam readiness, intervention or study leave.",External exams / study leave
Year 12,S1 (Ma1S1 / Ma2S1),y12_s1_049,Summer,S10B,21-25 Jun 2027,B,0,Final Revision / Study Leave,,Summer revision / study leave / external exams,flex,"No planned first teaching. Use only for final revision, exam readiness, intervention or study leave.",External exams / study leave
Year 12,S1 (Ma1S1 / Ma2S1),y12_s1_050,Summer,S11A,28-30 Jun 2027,A,0,Final Revision / Study Leave,,Summer revision / study leave / external exams,flex,"No planned first teaching. Use only for final revision, exam readiness, intervention or study leave.",Final week off timetable
Year 13,P3/P4,y13_p34_001,Michaelmas,M1A,24-28 Aug 2026,A,0,START OF YEAR,,"Induction, routines and diagnostics",flex,"Class routines, course expectations, folders, calculators, diagnostic questions and exam-board expectations. No first teaching.",Induction. No formal first teaching.
Year 13,P3/P4,y13_p34_002,Michaelmas,M2B,31 Aug-4 Sep 2026,B,1,P3.1 Algebraic Methods & P3.2 Functions and Graphs,,P3.1.1 Arithmetic Operations with Algebraic Fractions,core,Simplify and manipulate algebraic fractions involving variable denominators. ...,Start formal teaching. Year 12 CAT4 testing in M2B.
Year 13,P3/P4,y13_p34_003,Michaelmas,M2B,31 Aug-4 Sep 2026,B,1,P3.1 Algebraic Methods & P3.2 Functions and Graphs,,P3.1.2 Improper Fractions,core,Convert between improper and mixed algebraic fractions. Simplify complex frac...,Start formal teaching. Year 12 CAT4 testing in M2B.
Year 13,P3/P4,y13_p34_004,Michaelmas,M2B,31 Aug-4 Sep 2026,B,1,P3.1 Algebraic Methods & P3.2 Functions and Graphs,,P3.2.1 The Modulus Function,core,Define and interpret the modulus function in algebraic and graphical forms. S...,Start formal teaching. Year 12 CAT4 testing in M2B.
Year 13,P3/P4,y13_p34_005,Michaelmas,M2B,31 Aug-4 Sep 2026,B,1,P3.1 Algebraic Methods & P3.2 Functions and Graphs,,P3.2.2 Functions and Mappings,core,Represent functions using arrow diagrams and mapping notation. Determine doma...,Start formal teaching. Year 12 CAT4 testing in M2B.
Year 13,P3/P4,y13_p34_006,Michaelmas,M3A,7-11 Sep 2026,A,1,P3.1 Algebraic Methods & P3.2 Functions and Graphs,,P3.2.3 Composite Functions,core,Form composite functions and evaluate their values for given inputs. Determin...,
Year 13,P3/P4,y13_p34_007,Michaelmas,M3A,7-11 Sep 2026,A,1,P3.1 Algebraic Methods & P3.2 Functions and Graphs,,P3.2.4 Inverse Functions,core,Derive the inverse of a function algebraically and graphically. Apply inverse...,
Year 13,P3/P4,y13_p34_008,Michaelmas,M3A,7-11 Sep 2026,A,1,P3.1 Algebraic Methods & P3.2 Functions and Graphs,,P3.2.5 y = |f(x)| and y = f(|x|),core,Describe and sketch the transformations of graphs for y = |f(x)| and y = f(|x...,
Year 13,P3/P4,y13_p34_009,Michaelmas,M3A,7-11 Sep 2026,A,1,P3.1 Algebraic Methods & P3.2 Functions and Graphs,,P3.2.6 Combining Transformations,core,Apply and describe multiple transformations in sequence. Express transformati...,
Year 13,P3/P4,y13_p34_010,Michaelmas,M4B,14-18 Sep 2026,B,1,P3.1 Algebraic Methods & P3.2 Functions and Graphs,,P3.2.7 Solving Modulus Problems,core,Solve equations involving modulus expressions with multiple cases. Interpret ...,Year 7 Tutor and Teacher PTC on 16 Sep.
Year 13,P3/P4,y13_p34_011,Michaelmas,M4B,14-18 Sep 2026,B,1,P3.1 Algebraic Methods & P3.2 Functions and Graphs,,Revision,core,,Year 7 Tutor and Teacher PTC on 16 Sep.
Year 13,P3/P4,y13_p34_012,Michaelmas,M4B,14-18 Sep 2026,B,1,P3.1 Algebraic Methods & P3.2 Functions and Graphs,★,Unit Test: P3.1 Algebraic Methods P3.2 Functions and Graphs,assessment,End-of-unit assessment for P3.1 Algebraic Methods P3.2 Functions and Graphs.,Year 7 Tutor and Teacher PTC on 16 Sep.
Year 13,P3/P4,y13_p34_013,Michaelmas,M4B,14-18 Sep 2026,B,2,P3.3 Trigonometric Functions,,"P3.3.1 Secant, Cosecant and Cotangent",core,"Define sec, cosec, and cot as reciprocals of sin, cos, and tan. Use reciproca...",Year 7 Tutor and Teacher PTC on 16 Sep.
Year 13,P3/P4,y13_p34_014,Michaelmas,M5A,21-25 Sep 2026,A,2,P3.3 Trigonometric Functions,,"P3.3.2 Graphs of sec x, cosec x and cot x",core,Sketch and interpret graphs of reciprocal trigonometric functions. Identify a...,Yr 7-13 interim report 0 opens 25 Sep.
Year 13,P3/P4,y13_p34_015,Michaelmas,M5A,21-25 Sep 2026,A,2,P3.3 Trigonometric Functions,,"P3.3.3 Using sec x, cosec x and cot x",core,Apply reciprocal trig functions in problem solving and proofs. Simplify expre...,Yr 7-13 interim report 0 opens 25 Sep.
Year 13,P3/P4,y13_p34_016,Michaelmas,M5A,21-25 Sep 2026,A,2,P3.3 Trigonometric Functions,,P3.3.4 Trigonometric Identities,core,Prove and apply fundamental trigonometric identities. Simplify and transform ...,Yr 7-13 interim report 0 opens 25 Sep.
Year 13,P3/P4,y13_p34_017,Michaelmas,M5A,21-25 Sep 2026,A,2,P3.3 Trigonometric Functions,,P3.3.5 Inverse Trigonometric Functions,core,Define and sketch graphs of inverse trigonometric functions. Interpret domain...,Yr 7-13 interim report 0 opens 25 Sep.
Year 13,P3/P4,y13_p34_018,Michaelmas,M6B,28 Sep-2 Oct 2026,B,2,P3.3 Trigonometric Functions,,Revision,core,,Year 12 progress check. Departmental SEF and DIP due.
Year 13,P3/P4,y13_p34_019,Michaelmas,M6B,28 Sep-2 Oct 2026,B,2,P3.3 Trigonometric Functions,★,Unit Test: P3.3 Trigonometric Functions,assessment,End-of-unit assessment for P3.3 Trigonometric Functions.,Year 12 progress check. Departmental SEF and DIP due.
Year 13,P3/P4,y13_p34_020,Michaelmas,M6B,28 Sep-2 Oct 2026,B,3,P3.4 Trigonometric Addition Formulae,,P3.4.1 Addition Formulae,core,Derive and apply sine and cosine addition formulae. Use addition formulae to ...,Year 12 progress check. Departmental SEF and DIP due.
Year 13,P3/P4,y13_p34_021,Michaelmas,M6B,28 Sep-2 Oct 2026,B,3,P3.4 Trigonometric Addition Formulae,,P3.4.2 Using the Angle Addition Formulae,core,Apply addition and subtraction identities to solve equations. Express trigono...,Year 12 progress check. Departmental SEF and DIP due.
Year 13,P3/P4,y13_p34_022,Michaelmas,M7A,5-9 Oct 2026,A,3,P3.4 Trigonometric Addition Formulae,,P3.4.3 Double-Angle Formulae,core,Derive and apply double-angle identities for sine and cosine. Use double-angl...,IR0 closes 9 Oct. Year 10 PTC on 8 Oct.
Year 13,P3/P4,y13_p34_023,Michaelmas,M7A,5-9 Oct 2026,A,3,P3.4 Trigonometric Addition Formulae,,P3.4.4 Solving Trigonometric Equations,core,Solve trigonometric equations using addition and double-angle identities. Rep...,IR0 closes 9 Oct. Year 10 PTC on 8 Oct.
Year 13,P3/P4,y13_p34_024,Michaelmas,M7A,5-9 Oct 2026,A,3,P3.4 Trigonometric Addition Formulae,,P3.4.5 Simplifying a cos x ± b sin x,core,Express a cos x ± b sin x in the form R cos(x ) or R sin(x). Apply this form ...,IR0 closes 9 Oct. Year 10 PTC on 8 Oct.
Year 13,P3/P4,y13_p34_025,Michaelmas,M7A,5-9 Oct 2026,A,3,P3.4 Trigonometric Addition Formulae,,P3.4.6 Proving Trigonometric Identities,core,Prove multi-step trigonometric identities using algebraic manipulation. Apply...,IR0 closes 9 Oct. Year 10 PTC on 8 Oct.
Year 13,P3/P4,y13_p34_026,Michaelmas,M8B,12-16 Oct 2026,B,3,P3.4 Trigonometric Addition Formulae,,Revision,core,,13 Oct national holiday. Final week before half-term. No new heavy content.
Year 13,P3/P4,y13_p34_027,Michaelmas,M8B,12-16 Oct 2026,B,3,P3.4 Trigonometric Addition Formulae,★,Unit Test: P3.4 Trigonometric Addition Formulae,assessment,End-of-unit assessment for P3.4 Trigonometric Addition Formulae.,13 Oct national holiday. Final week before half-term. No new heavy content.
Year 13,P3/P4,y13_p34_028,Michaelmas,M8B,12-16 Oct 2026,B,0,CONSOLIDATION,,Pre-break consolidation 3/4,flex,"No new unit starts in the final week before a half-term or term break. Use for mixed review, correction or catch-up.",13 Oct national holiday. Final week before half-term. No new heavy content.
Year 13,P3/P4,y13_p34_029,Michaelmas,M8B,12-16 Oct 2026,B,0,CONSOLIDATION,,Pre-break consolidation 4/4,flex,"No new unit starts in the final week before a half-term or term break. Use for mixed review, correction or catch-up.",13 Oct national holiday. Final week before half-term. No new heavy content.
Year 13,P3/P4,y13_p34_030,Michaelmas,M8B,12-16 Oct 2026,B,0,TERM BREAK,,Michaelmas half-term. No teaching.,flex,No regular lessons.,Michaelmas half-term. No teaching.
Year 13,P3/P4,y13_p34_031,Michaelmas,M9A,26-30 Oct 2026,A,4,P3.5 Exponentials and Logarithms,,P3.5.1 Exponential Functions,core,Define and sketch exponential functions showing growth and decay. Interpret p...,Year 11 shorter mock week.
Year 13,P3/P4,y13_p34_032,Michaelmas,M9A,26-30 Oct 2026,A,4,P3.5 Exponentials and Logarithms,,P3.5.2 y = ae^(bx) + c,core,Apply transformations of exponential graphs to model data. Identify the effec...,Year 11 shorter mock week.
Year 13,P3/P4,y13_p34_033,Michaelmas,M9A,26-30 Oct 2026,A,4,P3.5 Exponentials and Logarithms,,P3.5.3 Natural Logarithms,core,Define and use natural logarithms as inverses of exponential functions. Simpl...,Year 11 shorter mock week.
Year 13,P3/P4,y13_p34_034,Michaelmas,M9A,26-30 Oct 2026,A,4,P3.5 Exponentials and Logarithms,,P3.5.4 Logarithms and Non-Linear Data,core,Transform non-linear data using logarithmic scales. Use linear regression on ...,Year 11 shorter mock week.
Year 13,P3/P4,y13_p34_035,Michaelmas,M10B,2-6 Nov 2026,B,4,P3.5 Exponentials and Logarithms,,P3.5.5 Exponential Modelling,core,Formulate exponential models from real data. Interpret model parameters and e...,Year 12 IR1 opens 2 Nov. Yr 7-11 and 13 IR1 opens 3 Nov.
Year 13,P3/P4,y13_p34_036,Michaelmas,M10B,2-6 Nov 2026,B,4,P3.5 Exponentials and Logarithms,,Revision,core,,Year 12 IR1 opens 2 Nov. Yr 7-11 and 13 IR1 opens 3 Nov.
Year 13,P3/P4,y13_p34_037,Michaelmas,M10B,2-6 Nov 2026,B,4,P3.5 Exponentials and Logarithms,★,Unit Test: P3.5 Exponentials and Logarithms,assessment,End-of-unit assessment for P3.5 Exponentials and Logarithms.,Year 12 IR1 opens 2 Nov. Yr 7-11 and 13 IR1 opens 3 Nov.
Year 13,P3/P4,y13_p34_038,Michaelmas,M10B,2-6 Nov 2026,B,5,P3.6 Differentiation,,P3.6.1 Differentiating sin x and cos x,core,Differentiate sine and cosine functions with respect to x. Apply derivatives ...,Year 12 IR1 opens 2 Nov. Yr 7-11 and 13 IR1 opens 3 Nov.
Year 13,P3/P4,y13_p34_039,Michaelmas,M11A,9-13 Nov 2026,A,5,P3.6 Differentiation,,P3.6.2 Differentiating Exponentials and Logarithms,core,Differentiate exponential and logarithmic functions. Use derivatives in expon...,Year 12 IR1 closes 12 Nov.
Year 13,P3/P4,y13_p34_040,Michaelmas,M11A,9-13 Nov 2026,A,5,P3.6 Differentiation,,P3.6.3 The Chain Rule,core,Apply the chain rule to differentiate composite functions. Recognise function...,Year 12 IR1 closes 12 Nov.
Year 13,P3/P4,y13_p34_041,Michaelmas,M11A,9-13 Nov 2026,A,5,P3.6 Differentiation,,P3.6.4 The Product Rule,core,Differentiate the product of two functions using the product rule. Apply to t...,Year 12 IR1 closes 12 Nov.
Year 13,P3/P4,y13_p34_042,Michaelmas,M11A,9-13 Nov 2026,A,5,P3.6 Differentiation,,P3.6.5 The Quotient Rule,core,Differentiate the quotient of two functions using the quotient rule. Simplify...,Year 12 IR1 closes 12 Nov.
Year 13,P3/P4,y13_p34_043,Michaelmas,M12B,16-20 Nov 2026,B,5,P3.6 Differentiation,,P3.6.6 Differentiating Trigonometric Functions,core,"Differentiate combinations of sine, cosine, and tangent functions. Apply diff...",Yr 7-11 and 13 IR1 closes 16 Nov.
Year 13,P3/P4,y13_p34_044,Michaelmas,M12B,16-20 Nov 2026,B,5,P3.6 Differentiation,,Revision,core,,Yr 7-11 and 13 IR1 closes 16 Nov.
Year 13,P3/P4,y13_p34_045,Michaelmas,M12B,16-20 Nov 2026,B,5,P3.6 Differentiation,★,Unit Test: P3.6 Differentiation,assessment,End-of-unit assessment for P3.6 Differentiation.,Yr 7-11 and 13 IR1 closes 16 Nov.
Year 13,P3/P4,y13_p34_046,Michaelmas,M12B,16-20 Nov 2026,B,6,P3.7 Integration & P3.8 Numerical Methods,,P3.7.1 Integrating Standard Functions,core,"Integrate basic functions including powers, exponentials, and trig functions....",Yr 7-11 and 13 IR1 closes 16 Nov.
Year 13,P3/P4,y13_p34_047,Michaelmas,M13A,23-27 Nov 2026,A,6,P3.7 Integration & P3.8 Numerical Methods,,P3.7.2 Integrating f(ax + b),core,Apply substitution to integrate functions of the form f(ax + b). Interpret re...,Year 12 PTC on 26 Nov.
Year 13,P3/P4,y13_p34_048,Michaelmas,M13A,23-27 Nov 2026,A,6,P3.7 Integration & P3.8 Numerical Methods,,P3.7.3 Using Trigonometric Identities,core,Simplify integrals using trigonometric identities before integration. Apply i...,Year 12 PTC on 26 Nov.
Year 13,P3/P4,y13_p34_049,Michaelmas,M13A,23-27 Nov 2026,A,6,P3.7 Integration & P3.8 Numerical Methods,,P3.7.4 Reverse Chain Rule,core,Recognise when integration requires the reverse of the chain rule. Apply reve...,Year 12 PTC on 26 Nov.
Year 13,P3/P4,y13_p34_050,Michaelmas,M13A,23-27 Nov 2026,A,6,P3.7 Integration & P3.8 Numerical Methods,,P3.8.1 Locating Roots,core,Locate roots of equations using sign change methods and graphs. Estimate solu...,Year 12 PTC on 26 Nov.
Year 13,P3/P4,y13_p34_051,Michaelmas,M14B,30 Nov-4 Dec 2026,B,6,P3.7 Integration & P3.8 Numerical Methods,,P3.8.2 Fixed Point Iteration,core,Apply iterative methods to approximate roots numerically. Evaluate convergenc...,Yr 7-11 and 13 IR1 published 3 Dec.
Year 13,P3/P4,y13_p34_052,Michaelmas,M14B,30 Nov-4 Dec 2026,B,6,P3.7 Integration & P3.8 Numerical Methods,,Revision,core,,Yr 7-11 and 13 IR1 published 3 Dec.
Year 13,P3/P4,y13_p34_053,Michaelmas,M14B,30 Nov-4 Dec 2026,B,6,P3.7 Integration & P3.8 Numerical Methods,★,Unit Test: P3.7 Integration P3.8 Numerical Methods,assessment,End-of-unit assessment for P3.7 Integration P3.8 Numerical Methods.,Yr 7-11 and 13 IR1 published 3 Dec.
Year 13,P3/P4,y13_p34_054,Michaelmas,M14B,30 Nov-4 Dec 2026,B,7,"P4.1 Proof & P4.2 Partial Fractions & P4.3 Coordinate Geometry in the (x, y) Plane",,P4.1.1 Proof by contradiction,core,Construct and evaluate logical arguments using proof by contradiction. Apply ...,Yr 7-11 and 13 IR1 published 3 Dec.
Year 13,P3/P4,y13_p34_055,Michaelmas,M15A,7-11 Dec 2026,A,7,"P4.1 Proof & P4.2 Partial Fractions & P4.3 Coordinate Geometry in the (x, y) Plane",,P4.2.1 Partial Fractions,core,Decompose rational expressions into partial fractions. Verify results through...,7 Dec and 10 Dec national holidays. Sixth Form and IGCSE Options Fair 8 Dec.
Year 13,P3/P4,y13_p34_056,Michaelmas,M15A,7-11 Dec 2026,A,7,"P4.1 Proof & P4.2 Partial Fractions & P4.3 Coordinate Geometry in the (x, y) Plane",,P4.2.2 Repeated Factors,core,Decompose rational expressions containing repeated linear factors. Simplify a...,7 Dec and 10 Dec national holidays. Sixth Form and IGCSE Options Fair 8 Dec.
Year 13,P3/P4,y13_p34_057,Michaelmas,M15A,7-11 Dec 2026,A,7,"P4.1 Proof & P4.2 Partial Fractions & P4.3 Coordinate Geometry in the (x, y) Plane",,P4.2.3 Improper Fractions,core,Convert improper fractions to mixed forms before decomposition. Integrate and...,7 Dec and 10 Dec national holidays. Sixth Form and IGCSE Options Fair 8 Dec.
Year 13,P3/P4,y13_p34_058,Michaelmas,M15A,7-11 Dec 2026,A,7,"P4.1 Proof & P4.2 Partial Fractions & P4.3 Coordinate Geometry in the (x, y) Plane",,P4.3.1 Parametric Equations,core,Represent curves using parametric equations and eliminate parameters. Sketch ...,7 Dec and 10 Dec national holidays. Sixth Form and IGCSE Options Fair 8 Dec.
Year 13,P3/P4,y13_p34_059,Michaelmas,M16B,14-16 Dec 2026,B,7,"P4.1 Proof & P4.2 Partial Fractions & P4.3 Coordinate Geometry in the (x, y) Plane",,P4.3.2 Using Trigonometric Identities,core,Apply trigonometric identities to transform parametric equations. Simplify co...,Final week of Michaelmas. No new heavy content.
Year 13,P3/P4,y13_p34_060,Michaelmas,M16B,14-16 Dec 2026,B,7,"P4.1 Proof & P4.2 Partial Fractions & P4.3 Coordinate Geometry in the (x, y) Plane",,P4.3.3 Curve Sketching,core,"Sketch curves from parametric or Cartesian equations, identifying key feature...",Final week of Michaelmas. No new heavy content.
Year 13,P3/P4,y13_p34_061,Michaelmas,M16B,14-16 Dec 2026,B,7,"P4.1 Proof & P4.2 Partial Fractions & P4.3 Coordinate Geometry in the (x, y) Plane",,Revision,core,,Final week of Michaelmas. No new heavy content.
Year 13,P3/P4,y13_p34_062,Michaelmas,M16B,14-16 Dec 2026,B,7,"P4.1 Proof & P4.2 Partial Fractions & P4.3 Coordinate Geometry in the (x, y) Plane",★,"Unit Test: P4.1 Proof P4.2 Partial Fractions P4.3 Coordinate Geometry in the (x, y) Plane",assessment,"End-of-unit assessment for P4.1 Proof P4.2 Partial Fractions P4.3 Coordinate Geometry in the (x, y) Plane.",Final week of Michaelmas. No new heavy content.
Year 13,P3/P4,y13_p34_063,Michaelmas,M16B,14-16 Dec 2026,B,0,TERM BREAK,,Christmas break. No teaching.,flex,No regular lessons.,Christmas break. No teaching.
Year 13,P3/P4,y13_p34_064,Lent,L1A,4-8 Jan 2027,A,8,P4.4 Binomial Expansion,,P4.4.1 Expanding (1 + x)^n,core,Expand (1 + x)^n for any rational index n using the binomial theorem. Identif...,6 Jan INSET. Term starts 7 Jan.
Year 13,P3/P4,y13_p34_065,Lent,L1A,4-8 Jan 2027,A,8,P4.4 Binomial Expansion,,P4.4.2 Expanding (a + bx)^n,core,Apply the binomial theorem to non-unit and fractional powers. Use expansions ...,6 Jan INSET. Term starts 7 Jan.
Year 13,P3/P4,y13_p34_066,Lent,L1A,4-8 Jan 2027,A,8,P4.4 Binomial Expansion,,P4.4.3 Using Partial Fractions,core,Combine partial fractions with binomial expansion to simplify expressions. Ev...,6 Jan INSET. Term starts 7 Jan.
Year 13,P3/P4,y13_p34_067,Lent,L1A,4-8 Jan 2027,A,8,P4.4 Binomial Expansion,,Revision,core,,6 Jan INSET. Term starts 7 Jan.
Year 13,P3/P4,y13_p34_068,Lent,L2B,11-15 Jan 2027,B,0,MOCK WEEK,★,Year 12 and Year 13 mock exams,assessment,End-of-unit assessment for MOCK WEEK.,Year 12 and Year 13 mock week. No regular teaching.
Year 13,P3/P4,y13_p34_069,Lent,L3A,18-22 Jan 2027,A,8,P4.4 Binomial Expansion,★,Unit Test: P4.4 Binomial Expansion,assessment,End-of-unit assessment for P4.4 Binomial Expansion.,Y12 and Y13 IR2 opens. Mock results report opens.
Year 13,P3/P4,y13_p34_070,Lent,L3A,18-22 Jan 2027,A,9,P4.5 Differentiation & P4.6 Integration,,P4.5.1 Parametric Differentiation,core,Differentiate parametric equations to find dy/dx and rates of change. Apply t...,Y12 and Y13 IR2 opens. Mock results report opens.
Year 13,P3/P4,y13_p34_071,Lent,L3A,18-22 Jan 2027,A,9,P4.5 Differentiation & P4.6 Integration,,P4.5.2 Implicit Differentiation,core,Differentiate functions defined implicitly. Solve problems involving non-expl...,Y12 and Y13 IR2 opens. Mock results report opens.
Year 13,P3/P4,y13_p34_072,Lent,L3A,18-22 Jan 2027,A,9,P4.5 Differentiation & P4.6 Integration,,P4.5.3 Rates of Change,core,Apply differentiation to real-world contexts involving related rates. Interpr...,Y12 and Y13 IR2 opens. Mock results report opens.
Year 13,P3/P4,y13_p34_073,Lent,L4B,25-29 Jan 2027,B,9,P4.5 Differentiation & P4.6 Integration,,P4.6.1 Finding the Area Under a Curve Defined Parametrically,core,Integrate to find area under curves defined parametrically. Interpret results...,Y12 and Y13 IR2 closes. Students reflections.
Year 13,P3/P4,y13_p34_074,Lent,L4B,25-29 Jan 2027,B,9,P4.5 Differentiation & P4.6 Integration,,P4.6.2 Volumes of Revolution Around the x-Axis,core,Calculate volumes generated by rotation about the x-axis. Apply definite inte...,Y12 and Y13 IR2 closes. Students reflections.
Year 13,P3/P4,y13_p34_075,Lent,L4B,25-29 Jan 2027,B,9,P4.5 Differentiation & P4.6 Integration,,P4.6.3 Integration by Substitution,core,Use substitution to simplify and evaluate complex integrals. Recognise approp...,Y12 and Y13 IR2 closes. Students reflections.
Year 13,P3/P4,y13_p34_076,Lent,L4B,25-29 Jan 2027,B,9,P4.5 Differentiation & P4.6 Integration,,P4.6.4 Integration by Parts,core,"Apply integration by parts formula to algebraic, exponential, and trigonometr...",Y12 and Y13 IR2 closes. Students reflections.
Year 13,P3/P4,y13_p34_077,Lent,L5A,1-5 Feb 2027,A,9,P4.5 Differentiation & P4.6 Integration,,P4.6.5 Partial Fractions,core,Integrate rational functions using decomposition into partial fractions. Appl...,Y12 and Y13 mock results publish. Report checking.
Year 13,P3/P4,y13_p34_078,Lent,L5A,1-5 Feb 2027,A,9,P4.5 Differentiation & P4.6 Integration,,P4.6.6 Solving Differential Equations,core,Form and solve first-order differential equations by separation of variables....,Y12 and Y13 mock results publish. Report checking.
Year 13,P3/P4,y13_p34_079,Lent,L5A,1-5 Feb 2027,A,9,P4.5 Differentiation & P4.6 Integration,,P4.6.7 Modelling with Differential Equations,core,Construct differential equations from contextual problems. Interpret and anal...,Y12 and Y13 mock results publish. Report checking.
Year 13,P3/P4,y13_p34_080,Lent,L5A,1-5 Feb 2027,A,9,P4.5 Differentiation & P4.6 Integration,,Revision,core,,Y12 and Y13 mock results publish. Report checking.
Year 13,P3/P4,y13_p34_081,Lent,L6B,8-12 Feb 2027,B,9,P4.5 Differentiation & P4.6 Integration,★,Unit Test: P4.5 Differentiation P4.6 Integration,assessment,End-of-unit assessment for P4.5 Differentiation P4.6 Integration.,Y12 and Y13 IR2 publish. Year 13 PTC on 10 Feb. No new unit before half-term.
Year 13,P3/P4,y13_p34_082,Lent,L6B,8-12 Feb 2027,B,0,CONSOLIDATION,,Pre-break consolidation 2/4,flex,"No new unit starts in the final week before a half-term or term break. Use for mixed review, correction or catch-up.",Y12 and Y13 IR2 publish. Year 13 PTC on 10 Feb. No new unit before half-term.
Year 13,P3/P4,y13_p34_083,Lent,L6B,8-12 Feb 2027,B,0,CONSOLIDATION,,Pre-break consolidation 3/4,flex,"No new unit starts in the final week before a half-term or term break. Use for mixed review, correction or catch-up.",Y12 and Y13 IR2 publish. Year 13 PTC on 10 Feb. No new unit before half-term.
Year 13,P3/P4,y13_p34_084,Lent,L6B,8-12 Feb 2027,B,0,CONSOLIDATION,,Pre-break consolidation 4/4,flex,"No new unit starts in the final week before a half-term or term break. Use for mixed review, correction or catch-up.",Y12 and Y13 IR2 publish. Year 13 PTC on 10 Feb. No new unit before half-term.
Year 13,P3/P4,y13_p34_085,Lent,L6B,8-12 Feb 2027,B,0,TERM BREAK,,Lent half-term. No teaching.,flex,No regular lessons.,Lent half-term. No teaching.
Year 13,P3/P4,y13_p34_086,Lent,L7A,22-26 Feb 2027,A,10,P4.7 Vectors,,P4.7.1 Vectors,core,Represent vectors using column and unit vector notation. Perform basic vector...,Return from half-term. Year 11 mock week.
Year 13,P3/P4,y13_p34_087,Lent,L7A,22-26 Feb 2027,A,10,P4.7 Vectors,,P4.7.2 Representing Vectors,core,Express vectors in component form using magnitude and direction. Interpret an...,Return from half-term. Year 11 mock week.
Year 13,P3/P4,y13_p34_088,Lent,L7A,22-26 Feb 2027,A,10,P4.7 Vectors,,P4.7.3 Magnitude and Direction,core,Calculate the magnitude of vectors and the angle between them. Apply magnitud...,Return from half-term. Year 11 mock week.
Year 13,P3/P4,y13_p34_089,Lent,L7A,22-26 Feb 2027,A,10,P4.7 Vectors,,P4.7.4 Vectors in 3D,core,Represent and visualise vectors in three-dimensional space. Calculate vector ...,Return from half-term. Year 11 mock week.
Year 13,P3/P4,y13_p34_090,Lent,L8B,1-5 Mar 2027,B,10,P4.7 Vectors,,P4.7.5 Solving Geometric Problems in Two Dimensions,core,"Apply vector methods to solve geometric problems in 2D (e.g., midpoints, para...",Year 11 mocks continue 1-2 Mar. Year 11 and 13 full report 3 opens.
Year 13,P3/P4,y13_p34_091,Lent,L8B,1-5 Mar 2027,B,10,P4.7 Vectors,,P4.7.6 Solving Geometric Problems in Three Dimensions,core,Apply vector techniques to determine angles and distances between lines and p...,Year 11 mocks continue 1-2 Mar. Year 11 and 13 full report 3 opens.
Year 13,P3/P4,y13_p34_092,Lent,L8B,1-5 Mar 2027,B,10,P4.7 Vectors,,P4.7.7 Position Vectors,core,Use position vectors to define points relative to the origin. Calculate displ...,Year 11 mocks continue 1-2 Mar. Year 11 and 13 full report 3 opens.
Year 13,P3/P4,y13_p34_093,Lent,L8B,1-5 Mar 2027,B,10,P4.7 Vectors,,P4.7.8 3D Coordinates,core,"Relate vector components to 3D coordinate geometry. Interpret 3D points, line...",Year 11 mocks continue 1-2 Mar. Year 11 and 13 full report 3 opens.
Year 13,P3/P4,y13_p34_094,Lent,L9A,8-12 Mar 2027,A,10,P4.7 Vectors,,P4.7.9 Equation of a Line in Three Dimensions,core,Derive and interpret vector and Cartesian equations of a line in 3D. Use line...,Year 11 and 13 full report 3 closes.
Year 13,P3/P4,y13_p34_095,Lent,L9A,8-12 Mar 2027,A,10,P4.7 Vectors,,P4.7.10 Points of Intersection,core,Find intersection points of lines and planes using vector equations. Verify i...,Year 11 and 13 full report 3 closes.
Year 13,P3/P4,y13_p34_096,Lent,L9A,8-12 Mar 2027,A,10,P4.7 Vectors,,P4.7.11 Scalar Product,core,Define and apply the scalar (dot) product to calculate angles between vectors...,Year 11 and 13 full report 3 closes.
Year 13,P3/P4,y13_p34_097,Lent,L9A,8-12 Mar 2027,A,10,P4.7 Vectors,,Revision,core,,Year 11 and 13 full report 3 closes.
Year 13,P3/P4,y13_p34_098,Lent,L10B,15-19 Mar 2027,B,10,P4.7 Vectors,★,Unit Test: P4.7 Vectors,assessment,End-of-unit assessment for P4.7 Vectors.,First teaching completion target: by Friday 19 March.
Year 13,P3/P4,y13_p34_099,Lent,L10B,15-19 Mar 2027,B,0,TARGETED REVISION,,Targeted revision / gap closing 2/4,core,"Use remaining time for past-paper style questions, correction and intervention.",First teaching completion target: by Friday 19 March.
Year 13,P3/P4,y13_p34_100,Lent,L10B,15-19 Mar 2027,B,0,TARGETED REVISION,,Targeted revision / gap closing 3/4,core,"Use remaining time for past-paper style questions, correction and intervention.",First teaching completion target: by Friday 19 March.
Year 13,P3/P4,y13_p34_101,Lent,L10B,15-19 Mar 2027,B,0,TARGETED REVISION,,Targeted revision / gap closing 4/4,core,"Use remaining time for past-paper style questions, correction and intervention.",First teaching completion target: by Friday 19 March.
Year 13,P3/P4,y13_p34_102,Lent,L12B,29 Mar-2 Apr 2027,B,0,TERM BREAK,,April break. No teaching.,flex,No regular lessons.,April break. No teaching.
Year 13,P3/P4,y13_p34_103,Summer,S1A,19-23 Apr 2027,A,0,REVISION / EXAMS,,"Revision, exams, study leave or off-timetable",cse,No required first-teaching content. Use only if students are present and timetable allows.,Summer term starts. Revision/exams/study leave only.
Year 13,P3/P4,y13_p34_104,Summer,S2B,26-30 Apr 2027,B,0,REVISION / EXAMS,,"Revision, exams, study leave or off-timetable",cse,No required first-teaching content. Use only if students are present and timetable allows.,Revision/exams/study leave only.
Year 13,P3/P4,y13_p34_105,Summer,S3A,3-7 May 2027,A,0,REVISION / EXAMS,,"Revision, exams, study leave or off-timetable",cse,No required first-teaching content. Use only if students are present and timetable allows.,4 May national holiday. Revision/exams/study leave only.
Year 13,P3/P4,y13_p34_106,Summer,S4B,10-14 May 2027,B,0,REVISION / EXAMS,,"Revision, exams, study leave or off-timetable",cse,No required first-teaching content. Use only if students are present and timetable allows.,Revision/exams/study leave only.
Year 13,P3/P4,y13_p34_107,Summer,S5A,17-21 May 2027,A,0,REVISION / EXAMS,,"Revision, exams, study leave or off-timetable",cse,No required first-teaching content. Use only if students are present and timetable allows.,Revision/exams/study leave only.
Year 13,P3/P4,y13_p34_108,Summer,S6B,24-28 May 2027,B,0,REVISION / EXAMS,,"Revision, exams, study leave or off-timetable",cse,No required first-teaching content. Use only if students are present and timetable allows.,Revision/exams/study leave only.
Year 13,P3/P4,y13_p34_109,Summer,S7A,31 May-4 Jun 2027,A,0,REVISION / EXAMS,,"Revision, exams, study leave or off-timetable",cse,No required first-teaching content. Use only if students are present and timetable allows.,3-4 June national holidays. Revision/exams/study leave only.
Year 13,P3/P4,y13_p34_110,Summer,S8B,7-11 Jun 2027,B,0,REVISION / EXAMS,,"Revision, exams, study leave or off-timetable",cse,No required first-teaching content. Use only if students are present and timetable allows.,Revision/exams/study leave only.
Year 13,P3/P4,y13_p34_111,Summer,S9A,14-18 Jun 2027,A,0,REVISION / EXAMS,,"Revision, exams, study leave or off-timetable",cse,No required first-teaching content. Use only if students are present and timetable allows.,Revision/exams/study leave only.
Year 13,P3/P4,y13_p34_112,Summer,S10B,21-25 Jun 2027,B,0,REVISION / EXAMS,,"Revision, exams, study leave or off-timetable",cse,No required first-teaching content. Use only if students are present and timetable allows.,Revision/exams/study leave only.
Year 13,P3/P4,y13_p34_113,Summer,S11A,28-30 Jun 2027,A,0,REVISION / EXAMS,,"Revision, exams, study leave or off-timetable",cse,No required first-teaching content. Use only if students are present and timetable allows.,Final week. Off timetable. No required teaching.
Year 13,D1,y13_d1_001,Michaelmas,M1A,24-28 Aug 2026,A,0,START OF YEAR,,"Induction, routines and diagnostics",flex,"Class routines, course expectations, folders, calculators, diagnostic questions and exam-board expectations. No first teaching.",Induction. No formal first teaching.
Year 13,D1,y13_d1_002,Michaelmas,M2B,31 Aug-4 Sep 2026,B,1,D1.1 Algorithms,,D1.1.1 Using and Understanding Algorithms,core,"Define algorithms and explain key terms (input, output, efficiency). Interpre...",Start formal teaching. Year 12 CAT4 testing in M2B.
Year 13,D1,y13_d1_003,Michaelmas,M3A,7-11 Sep 2026,A,1,D1.1 Algorithms,,D1.1.2 Flow Charts,core,Construct and interpret flow charts to represent algorithms clearly. Apply fl...,
Year 13,D1,y13_d1_004,Michaelmas,M3A,7-11 Sep 2026,A,1,D1.1 Algorithms,,D1.1.3 Bubble Sort / D1.1.4 Quick Sort,core,Apply the bubble sort algorithm to order data. Analyse the efficiency and lim... Use the quick sort algorithm to arrange unordered data. Compare quick sort ef... Paired adjacent sublessons to fit 2+1 weekly D1 allocation.,
Year 13,D1,y13_d1_005,Michaelmas,M4B,14-18 Sep 2026,B,1,D1.1 Algorithms,,D1.1.5 Bin-Packing Algorithms,core,"Apply bin-packing algorithms (first-fit, first-fit decreasing, full-bin) to a...",Year 7 Tutor and Teacher PTC on 16 Sep.
Year 13,D1,y13_d1_006,Michaelmas,M5A,21-25 Sep 2026,A,1,D1.1 Algorithms,,D1.1.6 Binary Search / Revision,core,Use binary search to locate items within ordered data sets. Compare binary se... Consolidate and prepare for unit assessment. Revision paired with previous lesson.,Yr 7-13 interim report 0 opens 25 Sep.
Year 13,D1,y13_d1_007r,Michaelmas,M5A,21-25 Sep 2026,A,1,D1.1 Algorithms,,Revision,cse,Mixed revision and exam-style practice for D1.1 Algorithms.,
Year 13,D1,y13_d1_007,Michaelmas,M5A,21-25 Sep 2026,A,1,D1.1 Algorithms,★,Unit Test: D1.1 Algorithms,assessment,End-of-unit assessment for D1.1 Algorithms.,Yr 7-13 interim report 0 opens 25 Sep.
Year 13,D1,y13_d1_008,Michaelmas,M6B,28 Sep-2 Oct 2026,B,2,D1.2 Graphs and Networks,,D1.2.1 Modelling with Graphs,core,"Represent real-life problems using graphs and networks. Interpret vertices, e...",Year 12 progress check. Departmental SEF and DIP due.
Year 13,D1,y13_d1_009,Michaelmas,M7A,5-9 Oct 2026,A,2,D1.2 Graphs and Networks,,D1.2.2 Graph Theory,core,"Define key terms (degree, path, cycle, connectedness). Apply graph theory con...",IR0 closes 9 Oct. Year 10 PTC on 8 Oct.
Year 13,D1,y13_d1_010,Michaelmas,M7A,5-9 Oct 2026,A,2,D1.2 Graphs and Networks,,D1.2.3 Special Types of Graph,core,"Identify and describe properties of bipartite, complete, and planar graphs. R...",IR0 closes 9 Oct. Year 10 PTC on 8 Oct.
Year 13,D1,y13_d1_011,Michaelmas,M8B,12-16 Oct 2026,B,2,D1.2 Graphs and Networks,,D1.2.4 Representing Graphs and Networks Using Matrices / Revision,core,Represent graphs using adjacency and distance matrices. Use matrices to ident... Consolidate and prepare for unit assessment. Revision paired with previous lesson.,13 Oct national holiday. Final week before half-term. No new heavy content.
Year 13,D1,y13_d1_012,Michaelmas,M8B,12-16 Oct 2026,B,0,TERM BREAK,,Michaelmas half-term. No teaching.,flex,No regular lessons.,Michaelmas half-term. No teaching.
Year 13,D1,y13_d1_013r,Michaelmas,M9A,26-30 Oct 2026,A,2,D1.2 Graphs and Networks,,Revision,cse,Mixed revision and exam-style practice for D1.2 Graphs and Networks.,
Year 13,D1,y13_d1_013,Michaelmas,M9A,26-30 Oct 2026,A,2,D1.2 Graphs and Networks,★,Unit Test: D1.2 Graphs and Networks,assessment,End-of-unit assessment for D1.2 Graphs and Networks.,Year 11 shorter mock week.
Year 13,D1,y13_d1_014,Michaelmas,M9A,26-30 Oct 2026,A,3,D1.3 Algorithms on Graphs,,D1.3.1 Kruskal’s Algorithm / D1.3.2 Prim’s Algorithm,core,Apply Kruskal's algorithm to find a minimum spanning tree. Interpret results ... Use Prims algorithm to find a minimum spanning tree from a weighted graph. Co... Paired adjacent sublessons to fit 2+1 weekly D1 allocation.,Year 11 shorter mock week.
Year 13,D1,y13_d1_015,Michaelmas,M10B,2-6 Nov 2026,B,3,D1.3 Algorithms on Graphs,,D1.3.3 Applying Prim’s Algorithm to a Distance Matrix,core,Use distance matrices to apply Prim's algorithm systematically. Interpret out...,Year 12 IR1 opens 2 Nov. Yr 7-11 and 13 IR1 opens 3 Nov.
Year 13,D1,y13_d1_016,Michaelmas,M11A,9-13 Nov 2026,A,3,D1.3 Algorithms on Graphs,,D1.3.4 The Nearest Neighbour Algorithm,core,Apply the nearest neighbour algorithm to approximate optimal routes. Evaluate...,Year 12 IR1 closes 12 Nov.
Year 13,D1,y13_d1_017,Michaelmas,M11A,9-13 Nov 2026,A,3,D1.3 Algorithms on Graphs,,D1.3.5 Using Dijkstra’s Algorithm to Find the Shortest Path / Revision,core,Apply Dijkstra's algorithm to determine shortest paths between vertices. Repr... Consolidate and prepare for unit assessment. Revision paired with previous lesson.,Year 12 IR1 closes 12 Nov.
Year 13,D1,y13_d1_018r,Michaelmas,M12B,16-20 Nov 2026,B,3,D1.3 Algorithms on Graphs,,Revision,cse,Mixed revision and exam-style practice for D1.3 Algorithms on Graphs.,
Year 13,D1,y13_d1_018,Michaelmas,M12B,16-20 Nov 2026,B,3,D1.3 Algorithms on Graphs,★,Unit Test: D1.3 Algorithms on Graphs,assessment,End-of-unit assessment for D1.3 Algorithms on Graphs.,Yr 7-11 and 13 IR1 closes 16 Nov.
Year 13,D1,y13_d1_019,Michaelmas,M13A,23-27 Nov 2026,A,4,D1.4 Route Inspection & D1.5 The Travelling Salesman Problem,,D1.4.1 Eulerian Graphs,core,Identify Eulerian and semi-Eulerian graphs. Determine whether a closed or ope...,Year 12 PTC on 26 Nov.
Year 13,D1,y13_d1_020,Michaelmas,M13A,23-27 Nov 2026,A,4,D1.4 Route Inspection & D1.5 The Travelling Salesman Problem,,D1.4.2 Using the Route Inspection Algorithm,core,Apply the route inspection (Chinese Postman) algorithm to minimise total trav...,Year 12 PTC on 26 Nov.
Year 13,D1,y13_d1_021,Michaelmas,M14B,30 Nov-4 Dec 2026,B,4,D1.4 Route Inspection & D1.5 The Travelling Salesman Problem,,D1.5.1 Classical and Practical Travelling Salesman Problems,core,Distinguish between classical and practical travelling salesman problems. App...,Yr 7-11 and 13 IR1 published 3 Dec.
Year 13,D1,y13_d1_022,Michaelmas,M15A,7-11 Dec 2026,A,4,D1.4 Route Inspection & D1.5 The Travelling Salesman Problem,,D1.5.2 Using a Minimum Spanning Tree to Find an Upper Bound / D1.5.3 Using a Minimum Spanning Tree to Find a Lower Bound,core,Construct upper bounds using minimum spanning trees. Interpret results in ter... Determine lower bounds for TSP solutions. Evaluate the accuracy and usefulnes... Paired adjacent sublessons to fit 2+1 weekly D1 allocation.,7 Dec and 10 Dec national holidays. Sixth Form and IGCSE Options Fair 8 Dec.
Year 13,D1,y13_d1_023,Michaelmas,M15A,7-11 Dec 2026,A,4,D1.4 Route Inspection & D1.5 The Travelling Salesman Problem,,D1.5.4 Using the Nearest Neighbour Algorithm to Find an Upper Bound / Revision,core,Apply the nearest neighbour method to find approximate TSP routes. Compare he... Consolidate and prepare for unit assessment. Revision paired with previous lesson.,7 Dec and 10 Dec national holidays. Sixth Form and IGCSE Options Fair 8 Dec.
Year 13,D1,y13_d1_024r,Michaelmas,M16B,14-16 Dec 2026,B,4,D1.4 Route Inspection & D1.5 The Travelling Salesman Problem,,Revision,cse,Mixed revision and exam-style practice for D1.4 Route Inspection D1.5 The Travelling Salesman Problem.,
Year 13,D1,y13_d1_024,Michaelmas,M16B,14-16 Dec 2026,B,4,D1.4 Route Inspection & D1.5 The Travelling Salesman Problem,★,Unit Test: D1.4 Route Inspection D1.5 The Travelling Salesman Problem,assessment,End-of-unit assessment for D1.4 Route Inspection D1.5 The Travelling Salesman Problem.,Final week of Michaelmas. No new heavy content.
Year 13,D1,y13_d1_025,Michaelmas,M16B,14-16 Dec 2026,B,0,TERM BREAK,,Christmas break. No teaching.,flex,No regular lessons.,Christmas break. No teaching.
Year 13,D1,y13_d1_026,Lent,L1A,4-8 Jan 2027,A,5,D1.6 Critical Path Analysis,,"Units 1-5 Consolidation, Exam Practice / Exam Practice",core,Paired adjacent sublessons to fit 2+1 weekly D1 allocation.,6 Jan INSET. Term starts 7 Jan.
Year 13,D1,y13_d1_027,Lent,L1A,4-8 Jan 2027,A,5,D1.6 Critical Path Analysis,,D1.6.1 Modelling a Project,core,Represent project activities using activity-on-arc (AOA) networks. Identify d...,6 Jan INSET. Term starts 7 Jan.
Year 13,D1,y13_d1_028,Lent,L2B,11-15 Jan 2027,B,0,MOCK WEEK,★,Year 12 and Year 13 mock exams,assessment,End-of-unit assessment for MOCK WEEK.,Year 12 and Year 13 mock week. No regular teaching.
Year 13,D1,y13_d1_029,Lent,L3A,18-22 Jan 2027,A,5,D1.6 Critical Path Analysis,,D1.6.2 Dummy Activities,core,Use dummy activities to clarify task dependencies. Construct accurate AOA dia...,Y12 and Y13 IR2 opens. Mock results report opens.
Year 13,D1,y13_d1_030,Lent,L3A,18-22 Jan 2027,A,5,D1.6 Critical Path Analysis,,D1.6.3 Early and Late Event Times / D1.6.4 The Float of an Activity,core,Calculate early and late event times in project networks. Identify critical e... Calculate total and free float for activities. Interpret float values to impr... Paired adjacent sublessons to fit 2+1 weekly D1 allocation.,Y12 and Y13 IR2 opens. Mock results report opens.
Year 13,D1,y13_d1_031,Lent,L4B,25-29 Jan 2027,B,5,D1.6 Critical Path Analysis,,D1.6.5 Critical Activities,core,Identify critical activities and construct a critical path. Explain the signi...,Y12 and Y13 IR2 closes. Students reflections.
Year 13,D1,y13_d1_032,Lent,L5A,1-5 Feb 2027,A,5,D1.6 Critical Path Analysis,,D1.6.6 Gantt Charts,core,Construct and interpret Gantt charts to visualise project schedules. Use Gant...,Y12 and Y13 mock results publish. Report checking.
Year 13,D1,y13_d1_033,Lent,L5A,1-5 Feb 2027,A,5,D1.6 Critical Path Analysis,,D1.6.7 Scheduling Diagrams / Revision,core,Represent scheduling data using diagrammatic forms. Use diagrams to adjust an... Consolidate and prepare for unit assessment. Revision paired with previous lesson.,Y12 and Y13 mock results publish. Report checking.
Year 13,D1,y13_d1_034r,Lent,L6B,8-12 Feb 2027,B,5,D1.6 Critical Path Analysis,,Revision,cse,Mixed revision and exam-style practice for D1.6 Critical Path Analysis.,
Year 13,D1,y13_d1_034,Lent,L6B,8-12 Feb 2027,B,5,D1.6 Critical Path Analysis,★,Unit Test: D1.6 Critical Path Analysis,assessment,End-of-unit assessment for D1.6 Critical Path Analysis.,Y12 and Y13 IR2 publish. Year 13 PTC on 10 Feb. No new unit before half-term.
Year 13,D1,y13_d1_035,Lent,L6B,8-12 Feb 2027,B,0,TERM BREAK,,Lent half-term. No teaching.,flex,No regular lessons.,Lent half-term. No teaching.
Year 13,D1,y13_d1_036,Lent,L7A,22-26 Feb 2027,A,6,D1.7 Linear Programming,,D1.7.1 Linear Programming Problems,core,Formulate linear programming problems using inequalities and objective functi...,Return from half-term. Year 11 mock week.
Year 13,D1,y13_d1_037,Lent,L7A,22-26 Feb 2027,A,6,D1.7 Linear Programming,,D1.7.2 Graphical Methods,core,Plot constraints to form feasible regions graphically. Identify the feasible ...,Return from half-term. Year 11 mock week.
Year 13,D1,y13_d1_038,Lent,L8B,1-5 Mar 2027,B,6,D1.7 Linear Programming,,D1.7.3 Locating the Optimal Point,core,Apply objective functions to locate optimal points. Interpret solutions in re...,Year 11 mocks continue 1-2 Mar. Year 11 and 13 full report 3 opens.
Year 13,D1,y13_d1_039,Lent,L9A,8-12 Mar 2027,A,6,D1.7 Linear Programming,,D1.7.4 Solutions with Integer Values / Revision,core,Identify integer solutions and understand their significance. Apply search te... Consolidate and prepare for unit assessment. Revision paired with previous lesson.,Year 11 and 13 full report 3 closes.
Year 13,D1,y13_d1_040r,Lent,L9A,8-12 Mar 2027,A,6,D1.7 Linear Programming,,Revision,cse,Mixed revision and exam-style practice for D1.7 Linear Programming.,
Year 13,D1,y13_d1_040,Lent,L9A,8-12 Mar 2027,A,6,D1.7 Linear Programming,★,Unit Test: D1.7 Linear Programming,assessment,End-of-unit assessment for D1.7 Linear Programming.,Year 11 and 13 full report 3 closes.
Year 13,D1,y13_d1_041,Lent,L10B,15-19 Mar 2027,B,0,TARGETED REVISION,,Targeted revision / gap closing 1/1,core,"Use remaining time for past-paper style questions, correction and intervention.",First teaching completion target: by Friday 19 March.
Year 13,D1,y13_d1_042,Lent,L12B,29 Mar-2 Apr 2027,B,0,TERM BREAK,,April break. No teaching.,flex,No regular lessons.,April break. No teaching.
Year 13,D1,y13_d1_043,Summer,S1A,19-23 Apr 2027,A,0,REVISION / EXAMS,,"Revision, exams, study leave or off-timetable",cse,No required first-teaching content. Use only if students are present and timetable allows.,Summer term starts. Revision/exams/study leave only.
Year 13,D1,y13_d1_044,Summer,S2B,26-30 Apr 2027,B,0,REVISION / EXAMS,,"Revision, exams, study leave or off-timetable",cse,No required first-teaching content. Use only if students are present and timetable allows.,Revision/exams/study leave only.
Year 13,D1,y13_d1_045,Summer,S3A,3-7 May 2027,A,0,REVISION / EXAMS,,"Revision, exams, study leave or off-timetable",cse,No required first-teaching content. Use only if students are present and timetable allows.,4 May national holiday. Revision/exams/study leave only.
Year 13,D1,y13_d1_046,Summer,S4B,10-14 May 2027,B,0,REVISION / EXAMS,,"Revision, exams, study leave or off-timetable",cse,No required first-teaching content. Use only if students are present and timetable allows.,Revision/exams/study leave only.
Year 13,D1,y13_d1_047,Summer,S5A,17-21 May 2027,A,0,REVISION / EXAMS,,"Revision, exams, study leave or off-timetable",cse,No required first-teaching content. Use only if students are present and timetable allows.,Revision/exams/study leave only.
Year 13,D1,y13_d1_048,Summer,S6B,24-28 May 2027,B,0,REVISION / EXAMS,,"Revision, exams, study leave or off-timetable",cse,No required first-teaching content. Use only if students are present and timetable allows.,Revision/exams/study leave only.
Year 13,D1,y13_d1_049,Summer,S7A,31 May-4 Jun 2027,A,0,REVISION / EXAMS,,"Revision, exams, study leave or off-timetable",cse,No required first-teaching content. Use only if students are present and timetable allows.,3-4 June national holidays. Revision/exams/study leave only.
Year 13,D1,y13_d1_050,Summer,S8B,7-11 Jun 2027,B,0,REVISION / EXAMS,,"Revision, exams, study leave or off-timetable",cse,No required first-teaching content. Use only if students are present and timetable allows.,Revision/exams/study leave only.
Year 13,D1,y13_d1_051,Summer,S9A,14-18 Jun 2027,A,0,REVISION / EXAMS,,"Revision, exams, study leave or off-timetable",cse,No required first-teaching content. Use only if students are present and timetable allows.,Revision/exams/study leave only.
Year 13,D1,y13_d1_052,Summer,S10B,21-25 Jun 2027,B,0,REVISION / EXAMS,,"Revision, exams, study leave or off-timetable",cse,No required first-teaching content. Use only if students are present and timetable allows.,Revision/exams/study leave only.
Year 13,D1,y13_d1_053,Summer,S11A,28-30 Jun 2027,A,0,REVISION / EXAMS,,"Revision, exams, study leave or off-timetable",cse,No required first-teaching content. Use only if students are present and timetable allows.,Final week. Off timetable. No required teaching.
Year 12 FM,FM P1-P4 (FMP1234),y13_fmp1234_001,Michaelmas,M1A,24-28 Aug 2026,A,0,Start of Year,1/2,"Induction, routines, course overview and diagnostic",flex,"Set expectations, confirm calculator and folder systems, review exam-board structure and diagnose prerequisite gaps.","Induction, routines and diagnostics. Welcome day Wed 26 Aug. No formal first teaching."
Year 12 FM,FM P1-P4 (FMP1234),y13_fmp1234_002,Michaelmas,M1A,24-28 Aug 2026,A,0,Start of Year,2/2,Baseline skills check and target setting,flex,"Set expectations, confirm calculator and folder systems, review exam-board structure and diagnose prerequisite gaps.",
Year 12 FM,FM P1-P4 (FMP1234),y13_fmp1234_003,Michaelmas,M2B,31 Aug-4 Sep 2026,B,1,P1.1. Algebraic Expressions & P1.2. Quadratics & P1.3. Equations and Inequalities,1/6,P1.1.1 Index Laws + P1.1.2 Expanding Brackets + P1.1.3 Factorising + P1.1.4 Negative and Fractional Indices,core,Apply and manipulate index laws for integer and fractional powers. Simplify algebraic and numerical expressions using index notation.; Expand single and double brackets using the distributive law. Simplify expressions by collecting like terms and combining results.,"Formal teaching starts. Yr 7, 10 and 12 CAT4 testing Wed 2 Sep."
Year 12 FM,FM P1-P4 (FMP1234),y13_fmp1234_004,Michaelmas,M2B,31 Aug-4 Sep 2026,B,1,P1.1. Algebraic Expressions & P1.2. Quadratics & P1.3. Equations and Inequalities,2/6,P1.1.5 Surds + P1.1.6 Rationalising Denominators + P1.2.1 Solving Quadratic Equations,core,Apply and manipulate index laws for integer and fractional powers. Simplify algebraic and numerical expressions using index notation.; Expand single and double brackets using the distributive law. Simplify expressions by collecting like terms and combining results.,
Year 12 FM,FM P1-P4 (FMP1234),y13_fmp1234_005,Michaelmas,M2B,31 Aug-4 Sep 2026,B,1,P1.1. Algebraic Expressions & P1.2. Quadratics & P1.3. Equations and Inequalities,3/6,P1.2.2 Completing the Square + P1.2.3 Functions + P1.2.4 Quadratic Graphs + P1.2.5 The Discriminant,core,Apply and manipulate index laws for integer and fractional powers. Simplify algebraic and numerical expressions using index notation.; Expand single and double brackets using the distributive law. Simplify expressions by collecting like terms and combining results.,
Year 12 FM,FM P1-P4 (FMP1234),y13_fmp1234_006,Michaelmas,M2B,31 Aug-4 Sep 2026,B,1,P1.1. Algebraic Expressions & P1.2. Quadratics & P1.3. Equations and Inequalities,4/6,P1.3.1 Linear Simultaneous Equations + P1.3.2 Quadratic Simultaneous Equations + P1.3.3 Simultaneous Equations on Graphs,core,Apply and manipulate index laws for integer and fractional powers. Simplify algebraic and numerical expressions using index notation.; Expand single and double brackets using the distributive law. Simplify expressions by collecting like terms and combining results.,
Year 12 FM,FM P1-P4 (FMP1234),y13_fmp1234_007,Michaelmas,M2B,31 Aug-4 Sep 2026,B,1,P1.1. Algebraic Expressions & P1.2. Quadratics & P1.3. Equations and Inequalities,5/6,P1.3.4 Linear Inequalities + P1.3.5 Quadratic Inequalities + P1.3.6 Inequalities on Graphs + P1.3.7 Regions,core,Apply and manipulate index laws for integer and fractional powers. Simplify algebraic and numerical expressions using index notation.; Expand single and double brackets using the distributive law. Simplify expressions by collecting like terms and combining results.,
Year 12 FM,FM P1-P4 (FMP1234),y13_fmp1234_008,Michaelmas,M2B,31 Aug-4 Sep 2026,B,1,P1.1. Algebraic Expressions & P1.2. Quadratics & P1.3. Equations and Inequalities,★,Unit Test 1: P1.1. Algebraic Expressions P1.2. Quadratics P1.3. Equations and Inequalities,assessment,End-of-unit assessment. Use outcomes to identify gaps and set targeted practice before the next block.,
Year 12 FM,FM P1-P4 (FMP1234),y13_fmp1234_009,Michaelmas,M2B,31 Aug-4 Sep 2026,B,2,P1.4 Graphs and Transformations & P1.5 Straight Line Graphs,1/4,P1.4.1 Cubic Graphs + P1.4.2 Reciprocal Graphs + P1.4.3 Points of Intersection,core,Sketch cubic graphs identifying roots and turning points. Solve related equations using graphical and algebraic methods.; Sketch and interpret graphs of the form y = k/x and y = k/x^2. Identify asymptotes and describe key features.,
Year 12 FM,FM P1-P4 (FMP1234),y13_fmp1234_010,Michaelmas,M3A,7-11 Sep 2026,A,2,P1.4 Graphs and Transformations & P1.5 Straight Line Graphs,2/4,P1.4.4 Translating Graphs + P1.4.5 Stretching Graphs + P1.4.6 Transforming Functions + P1.5.1 y = mx + c,core,Sketch cubic graphs identifying roots and turning points. Solve related equations using graphical and algebraic methods.; Sketch and interpret graphs of the form y = k/x and y = k/x^2. Identify asymptotes and describe key features.,Exeter 1. External exam review documentation due.
Year 12 FM,FM P1-P4 (FMP1234),y13_fmp1234_011,Michaelmas,M3A,7-11 Sep 2026,A,2,P1.4 Graphs and Transformations & P1.5 Straight Line Graphs,3/4,P1.5.2 Equations of Straight Lines + P1.5.3 Parallel and Perpendicular Lines + P1.5.4 Length and Area,core,Sketch cubic graphs identifying roots and turning points. Solve related equations using graphical and algebraic methods.; Sketch and interpret graphs of the form y = k/x and y = k/x^2. Identify asymptotes and describe key features.,
Year 12 FM,FM P1-P4 (FMP1234),y13_fmp1234_012,Michaelmas,M3A,7-11 Sep 2026,A,2,P1.4 Graphs and Transformations & P1.5 Straight Line Graphs,★,Unit Test 2: P1.4 Graphs and Transformations P1.5 Straight Line Graphs,assessment,End-of-unit assessment. Use outcomes to identify gaps and set targeted practice before the next block.,
Year 12 FM,FM P1-P4 (FMP1234),y13_fmp1234_013,Michaelmas,M3A,7-11 Sep 2026,A,3,P1.6 Trigonometric Ratios & P1.7 Radians & P2.6 Trigonometric Identities and Equations,1/6,P1.6.1 The Cosine Rule + P1.6.2 The Sine Rule + P1.6.3 Areas of Triangles,core,Apply the cosine rule to find missing sides or angles in triangles. Solve geometric and contextual problems using cosine relationships.; Apply the sine rule to calculate missing sides and angles. Resolve ambiguous cases and interpret results geometrically.,
Year 12 FM,FM P1-P4 (FMP1234),y13_fmp1234_014,Michaelmas,M3A,7-11 Sep 2026,A,3,P1.6 Trigonometric Ratios & P1.7 Radians & P2.6 Trigonometric Identities and Equations,2/6,"P1.6.4 Solving Triangle Problems + P1.6.5 Graphs of Sine, Cosine and Tangent + P1.6.6 Transforming Trigonometric Graphs",core,Apply the cosine rule to find missing sides or angles in triangles. Solve geometric and contextual problems using cosine relationships.; Apply the sine rule to calculate missing sides and angles. Resolve ambiguous cases and interpret results geometrically.,
Year 12 FM,FM P1-P4 (FMP1234),y13_fmp1234_015,Michaelmas,M3A,7-11 Sep 2026,A,3,P1.6 Trigonometric Ratios & P1.7 Radians & P2.6 Trigonometric Identities and Equations,3/6,P1.7.1 Radian Measure + P1.7.2 Arc Length + P1.7.3 Areas of Sectors and Segments,core,Apply the cosine rule to find missing sides or angles in triangles. Solve geometric and contextual problems using cosine relationships.; Apply the sine rule to calculate missing sides and angles. Resolve ambiguous cases and interpret results geometrically.,
Year 12 FM,FM P1-P4 (FMP1234),y13_fmp1234_016,Michaelmas,M3A,7-11 Sep 2026,A,3,P1.6 Trigonometric Ratios & P1.7 Radians & P2.6 Trigonometric Identities and Equations,4/6,P2.6.1 Angles in All Four Quadrants + P2.6.2 Exact Values of Trigonometrical Ratios + P2.6.3 Trigonometric Identities,core,Apply the cosine rule to find missing sides or angles in triangles. Solve geometric and contextual problems using cosine relationships.; Apply the sine rule to calculate missing sides and angles. Resolve ambiguous cases and interpret results geometrically.,
Year 12 FM,FM P1-P4 (FMP1234),y13_fmp1234_017,Michaelmas,M4B,14-18 Sep 2026,B,3,P1.6 Trigonometric Ratios & P1.7 Radians & P2.6 Trigonometric Identities and Equations,5/6,P2.6.4 Solve Simple Trigonometric Equations + P2.6.5 Harder Trigonometric Equations + P2.6.6 Equations and Identities,core,Apply the cosine rule to find missing sides or angles in triangles. Solve geometric and contextual problems using cosine relationships.; Apply the sine rule to calculate missing sides and angles. Resolve ambiguous cases and interpret results geometrically.,Year 7 Tutor and Teacher PTC Wed 16 Sep.
Year 12 FM,FM P1-P4 (FMP1234),y13_fmp1234_018,Michaelmas,M4B,14-18 Sep 2026,B,3,P1.6 Trigonometric Ratios & P1.7 Radians & P2.6 Trigonometric Identities and Equations,★,Unit Test 3: P1.6 Trigonometric Ratios P1.7 Radians P2.6 Trigonometric Identities and Equations,assessment,End-of-unit assessment. Use outcomes to identify gaps and set targeted practice before the next block.,
Year 12 FM,FM P1-P4 (FMP1234),y13_fmp1234_019,Michaelmas,M4B,14-18 Sep 2026,B,4,"P2.1 Algebraic Methods & P2.2 Coordinate Geometry in the (x,y) Plane",1/6,P2.1.1 Algebraic Fractions + P2.1.2 Dividing Polynomials,core,Simplify and manipulate algebraic fractions. Apply to solve equations involving rational expressions.; Perform polynomial division using long and synthetic methods. Verify results through substitution.,
Year 12 FM,FM P1-P4 (FMP1234),y13_fmp1234_020,Michaelmas,M4B,14-18 Sep 2026,B,4,"P2.1 Algebraic Methods & P2.2 Coordinate Geometry in the (x,y) Plane",2/6,P2.1.3 The Factor Theorem + P2.1.4 The Remainder Theorem,core,Simplify and manipulate algebraic fractions. Apply to solve equations involving rational expressions.; Perform polynomial division using long and synthetic methods. Verify results through substitution.,
Year 12 FM,FM P1-P4 (FMP1234),y13_fmp1234_021,Michaelmas,M4B,14-18 Sep 2026,B,4,"P2.1 Algebraic Methods & P2.2 Coordinate Geometry in the (x,y) Plane",3/6,P2.1.5 Mathematical Proof + P2.1.6 Methods of Proof + P2.2.1 Midpoints and Perpendicular Bisectors,core,Simplify and manipulate algebraic fractions. Apply to solve equations involving rational expressions.; Perform polynomial division using long and synthetic methods. Verify results through substitution.,
Year 12 FM,FM P1-P4 (FMP1234),y13_fmp1234_022,Michaelmas,M4B,14-18 Sep 2026,B,4,"P2.1 Algebraic Methods & P2.2 Coordinate Geometry in the (x,y) Plane",4/6,P2.2.2 Equation of a Circle + P2.2.3 Intersections of Straight Lines and Circles,core,Simplify and manipulate algebraic fractions. Apply to solve equations involving rational expressions.; Perform polynomial division using long and synthetic methods. Verify results through substitution.,
Year 12 FM,FM P1-P4 (FMP1234),y13_fmp1234_023,Michaelmas,M4B,14-18 Sep 2026,B,4,"P2.1 Algebraic Methods & P2.2 Coordinate Geometry in the (x,y) Plane",5/6,P2.2.4 Use Tangent and Chord Properties + P2.2.5 Circles and Triangles,core,Simplify and manipulate algebraic fractions. Apply to solve equations involving rational expressions.; Perform polynomial division using long and synthetic methods. Verify results through substitution.,
Year 12 FM,FM P1-P4 (FMP1234),y13_fmp1234_024,Michaelmas,M5A,21-25 Sep 2026,A,4,"P2.1 Algebraic Methods & P2.2 Coordinate Geometry in the (x,y) Plane",★,"Unit Test 4: P2.1 Algebraic Methods P2.2 Coordinate Geometry in the (x,y) Plane",assessment,End-of-unit assessment. Use outcomes to identify gaps and set targeted practice before the next block.,Yr 7-13 Interim Report 0 opens Thu 25 Sep.
Year 12 FM,FM P1-P4 (FMP1234),y13_fmp1234_025,Michaelmas,M5A,21-25 Sep 2026,A,5,P2.3 Exponentials and Logarithms & P2.4 The Binomial Expansion & P2.5 Sequences and Series,1/6,P2.3.1 Exponential Functions + P2.3.2 Logarithms + P2.3.3 Laws of Logarithms + P2.3.4 Solving Equations Using Logarithms,core,Recognise and sketch exponential functions. Apply exponential growth and decay in context.; Define and interpret logarithmic functions as inverses of exponentials. Evaluate logarithms for given bases.,
Year 12 FM,FM P1-P4 (FMP1234),y13_fmp1234_026,Michaelmas,M5A,21-25 Sep 2026,A,5,P2.3 Exponentials and Logarithms & P2.4 The Binomial Expansion & P2.5 Sequences and Series,2/6,P2.3.5 Changing the Base of a Logarithm + P2.4.1 Pascal’s Triangle + P2.4.2 Factorial Notation,core,Recognise and sketch exponential functions. Apply exponential growth and decay in context.; Define and interpret logarithmic functions as inverses of exponentials. Evaluate logarithms for given bases.,
Year 12 FM,FM P1-P4 (FMP1234),y13_fmp1234_027,Michaelmas,M5A,21-25 Sep 2026,A,5,P2.3 Exponentials and Logarithms & P2.4 The Binomial Expansion & P2.5 Sequences and Series,3/6,P2.4.3 The Binomial Expansion + P2.4.4 Solving Binomial Problems + P2.4.5 Binomial Estimation + P2.5.1 Arithmetic Sequences,core,Recognise and sketch exponential functions. Apply exponential growth and decay in context.; Define and interpret logarithmic functions as inverses of exponentials. Evaluate logarithms for given bases.,
Year 12 FM,FM P1-P4 (FMP1234),y13_fmp1234_028,Michaelmas,M5A,21-25 Sep 2026,A,5,P2.3 Exponentials and Logarithms & P2.4 The Binomial Expansion & P2.5 Sequences and Series,4/6,P2.5.2 Arithmetic Series + P2.5.3 Geometric Sequences + P2.5.4 Geometric Series,core,Recognise and sketch exponential functions. Apply exponential growth and decay in context.; Define and interpret logarithmic functions as inverses of exponentials. Evaluate logarithms for given bases.,
Year 12 FM,FM P1-P4 (FMP1234),y13_fmp1234_029,Michaelmas,M5A,21-25 Sep 2026,A,5,P2.3 Exponentials and Logarithms & P2.4 The Binomial Expansion & P2.5 Sequences and Series,5/6,P2.5.5 Sum to Infinity + P2.5.6 Sigma Notation + P2.5.7 Recurrence Relations + P2.5.8 Modelling with Series,core,Recognise and sketch exponential functions. Apply exponential growth and decay in context.; Define and interpret logarithmic functions as inverses of exponentials. Evaluate logarithms for given bases.,
Year 12 FM,FM P1-P4 (FMP1234),y13_fmp1234_030,Michaelmas,M5A,21-25 Sep 2026,A,5,P2.3 Exponentials and Logarithms & P2.4 The Binomial Expansion & P2.5 Sequences and Series,★,Unit Test 5: P2.3 Exponentials and Logarithms P2.4 The Binomial Expansion P2.5 Sequences and Series,assessment,End-of-unit assessment. Use outcomes to identify gaps and set targeted practice before the next block.,
Year 12 FM,FM P1-P4 (FMP1234),y13_fmp1234_031,Michaelmas,M6B,28 Sep-2 Oct 2026,B,6,P1.8 Differentiation & P2.7 Differentiation & P1.9 Integration & P2.8 Integration,1/6,P1.8.1 Gradients of Curves + P1.8.2 Finding the Derivative + P1.8.3 Differentiating xⁿ + P1.8.4 Differentiating Quadratics,core,Understand the concept of a gradient of a curve. Determine gradients at specific points using differentiation.; Differentiate basic functions using first principles and standard rules. Apply to find rates of change.,Year 12 progress check. Department SEF and DIP due.
Year 12 FM,FM P1-P4 (FMP1234),y13_fmp1234_032,Michaelmas,M6B,28 Sep-2 Oct 2026,B,6,P1.8 Differentiation & P2.7 Differentiation & P1.9 Integration & P2.8 Integration,2/6,"P1.8.5 Differentiating Functions with Two or More Terms + P1.8.6 Gradients, Tangents and Normals + P1.8.7 Second Order Derivatives + P2.7.1 Increasing and Decreasing Functions",core,Understand the concept of a gradient of a curve. Determine gradients at specific points using differentiation.; Differentiate basic functions using first principles and standard rules. Apply to find rates of change.,
Year 12 FM,FM P1-P4 (FMP1234),y13_fmp1234_033,Michaelmas,M6B,28 Sep-2 Oct 2026,B,6,P1.8 Differentiation & P2.7 Differentiation & P1.9 Integration & P2.8 Integration,3/6,P2.7.2 Stationary Points + P2.7.3 Sketching Gradient Functions + P2.7.4 Modelling with Differentiation + P1.9.1 Integrating xⁿ,core,Understand the concept of a gradient of a curve. Determine gradients at specific points using differentiation.; Differentiate basic functions using first principles and standard rules. Apply to find rates of change.,
Year 12 FM,FM P1-P4 (FMP1234),y13_fmp1234_034,Michaelmas,M6B,28 Sep-2 Oct 2026,B,6,P1.8 Differentiation & P2.7 Differentiation & P1.9 Integration & P2.8 Integration,4/6,P1.9.2 Indefinite Integrals + P1.9.3 Finding Functions + P2.8.1 Definite Integrals + P2.8.2 Areas Under Curves,core,Understand the concept of a gradient of a curve. Determine gradients at specific points using differentiation.; Differentiate basic functions using first principles and standard rules. Apply to find rates of change.,
Year 12 FM,FM P1-P4 (FMP1234),y13_fmp1234_035,Michaelmas,M6B,28 Sep-2 Oct 2026,B,6,P1.8 Differentiation & P2.7 Differentiation & P1.9 Integration & P2.8 Integration,5/6,P2.8.3 Areas Under the x-Axis + P2.8.4 Areas Between Curves and Lines + P2.8.5 Areas Between Two Curves + P2.8.6 The Trapezium Rule,core,Understand the concept of a gradient of a curve. Determine gradients at specific points using differentiation.; Differentiate basic functions using first principles and standard rules. Apply to find rates of change.,
Year 12 FM,FM P1-P4 (FMP1234),y13_fmp1234_036,Michaelmas,M6B,28 Sep-2 Oct 2026,B,6,P1.8 Differentiation & P2.7 Differentiation & P1.9 Integration & P2.8 Integration,★,Unit Test 6: P1.8 Differentiation P2.7 Differentiation P1.9 Integration P2.8 Integration,assessment,End-of-unit assessment. Use outcomes to identify gaps and set targeted practice before the next block.,
Year 12 FM,FM P1-P4 (FMP1234),y13_fmp1234_037,Michaelmas,M6B,28 Sep-2 Oct 2026,B,7,P3.1 Algebraic Methods & P3.2 Functions and Graphs,1/6,P3.1.1 Arithmetic Operations with Algebraic Fractions + P3.1.2 Improper Fractions,core,Simplify and manipulate algebraic fractions involving variable denominators. Apply fraction operations to rationalise and simplify expressions.; Convert between improper and mixed algebraic fractions. Simplify complex fractions and verify equivalence through expansion.,
Year 12 FM,FM P1-P4 (FMP1234),y13_fmp1234_038,Michaelmas,M7A,5-9 Oct 2026,A,7,P3.1 Algebraic Methods & P3.2 Functions and Graphs,2/6,P3.2.1 The Modulus Function + P3.2.2 Functions and Mappings,core,Simplify and manipulate algebraic fractions involving variable denominators. Apply fraction operations to rationalise and simplify expressions.; Convert between improper and mixed algebraic fractions. Simplify complex fractions and verify equivalence through expansion.,IR0 closes Thu 8 Oct. HoD data checks. Year 10 PTC.
Year 12 FM,FM P1-P4 (FMP1234),y13_fmp1234_039,Michaelmas,M7A,5-9 Oct 2026,A,7,P3.1 Algebraic Methods & P3.2 Functions and Graphs,3/6,P3.2.3 Composite Functions,core,Simplify and manipulate algebraic fractions involving variable denominators. Apply fraction operations to rationalise and simplify expressions.; Convert between improper and mixed algebraic fractions. Simplify complex fractions and verify equivalence through expansion.,
Year 12 FM,FM P1-P4 (FMP1234),y13_fmp1234_040,Michaelmas,M7A,5-9 Oct 2026,A,7,P3.1 Algebraic Methods & P3.2 Functions and Graphs,4/6,P3.2.4 Inverse Functions + P3.2.5 y = |f(x)| and y = f(|x|),core,Simplify and manipulate algebraic fractions involving variable denominators. Apply fraction operations to rationalise and simplify expressions.; Convert between improper and mixed algebraic fractions. Simplify complex fractions and verify equivalence through expansion.,
Year 12 FM,FM P1-P4 (FMP1234),y13_fmp1234_041,Michaelmas,M7A,5-9 Oct 2026,A,7,P3.1 Algebraic Methods & P3.2 Functions and Graphs,5/6,P3.2.6 Combining Transformations + P3.2.7 Solving Modulus Problems,core,Simplify and manipulate algebraic fractions involving variable denominators. Apply fraction operations to rationalise and simplify expressions.; Convert between improper and mixed algebraic fractions. Simplify complex fractions and verify equivalence through expansion.,
Year 12 FM,FM P1-P4 (FMP1234),y13_fmp1234_042,Michaelmas,M7A,5-9 Oct 2026,A,7,P3.1 Algebraic Methods & P3.2 Functions and Graphs,★,Unit Test 7: P3.1 Algebraic Methods P3.2 Functions and Graphs,assessment,End-of-unit assessment. Use outcomes to identify gaps and set targeted practice before the next block.,
Year 12 FM,FM P1-P4 (FMP1234),y13_fmp1234_043,Michaelmas,M7A,5-9 Oct 2026,A,8,P3.3 Trigonometric Functions & P3.4 Trigonometric Addition Formulae,1/6,"P3.3.1 Secant, Cosecant and Cotangent + P3.3.2 Graphs of sec x, cosec x and cot x",core,"Define sec, cosec, and cot as reciprocals of sin, cos, and tan. Use reciprocal relationships to solve trigonometric problems.; Sketch and interpret graphs of reciprocal trigonometric functions. Identify asymptotes, periodicity, and key features of these graphs.",
Year 12 FM,FM P1-P4 (FMP1234),y13_fmp1234_044,Michaelmas,M7A,5-9 Oct 2026,A,8,P3.3 Trigonometric Functions & P3.4 Trigonometric Addition Formulae,2/6,"P3.3.3 Using sec x, cosec x and cot x + P3.3.4 Trigonometric Identities",core,"Define sec, cosec, and cot as reciprocals of sin, cos, and tan. Use reciprocal relationships to solve trigonometric problems.; Sketch and interpret graphs of reciprocal trigonometric functions. Identify asymptotes, periodicity, and key features of these graphs.",
Year 12 FM,FM P1-P4 (FMP1234),y13_fmp1234_045,Michaelmas,M8B,12-16 Oct 2026,B,8,P3.3 Trigonometric Functions & P3.4 Trigonometric Addition Formulae,3/6,P3.3.5 Inverse Trigonometric Functions + P3.4.1 Addition Formulae + P3.4.2 Using the Angle Addition Formulae,core,"Define sec, cosec, and cot as reciprocals of sin, cos, and tan. Use reciprocal relationships to solve trigonometric problems.; Sketch and interpret graphs of reciprocal trigonometric functions. Identify asymptotes, periodicity, and key features of these graphs.",13 Oct national holiday. Final teaching week before Michaelmas half-term. Avoid starting a new unit.
Year 12 FM,FM P1-P4 (FMP1234),y13_fmp1234_046,Michaelmas,M8B,12-16 Oct 2026,B,8,P3.3 Trigonometric Functions & P3.4 Trigonometric Addition Formulae,4/6,P3.4.3 Double-Angle Formulae + P3.4.4 Solving Trigonometric Equations,core,"Define sec, cosec, and cot as reciprocals of sin, cos, and tan. Use reciprocal relationships to solve trigonometric problems.; Sketch and interpret graphs of reciprocal trigonometric functions. Identify asymptotes, periodicity, and key features of these graphs.",
Year 12 FM,FM P1-P4 (FMP1234),y13_fmp1234_047,Michaelmas,M8B,12-16 Oct 2026,B,8,P3.3 Trigonometric Functions & P3.4 Trigonometric Addition Formulae,5/6,P3.4.5 Simplifying a cos x ± b sin x + P3.4.6 Proving Trigonometric Identities,core,"Define sec, cosec, and cot as reciprocals of sin, cos, and tan. Use reciprocal relationships to solve trigonometric problems.; Sketch and interpret graphs of reciprocal trigonometric functions. Identify asymptotes, periodicity, and key features of these graphs.",
Year 12 FM,FM P1-P4 (FMP1234),y13_fmp1234_048,Michaelmas,M8B,12-16 Oct 2026,B,8,P3.3 Trigonometric Functions & P3.4 Trigonometric Addition Formulae,★,Unit Test 8: P3.3 Trigonometric Functions P3.4 Trigonometric Addition Formulae,assessment,End-of-unit assessment. Use outcomes to identify gaps and set targeted practice before the next block.,
Year 12 FM,FM P1-P4 (FMP1234),y13_fmp1234_049,Michaelmas,M8B,12-16 Oct 2026,B,0,Cumulative review,5/6,Pre-break consolidation and retrieval practice,cse,Use mixed questions from the previous unit. Do not start the next unit before the break.,
Year 12 FM,FM P1-P4 (FMP1234),y13_fmp1234_050,Michaelmas,M8B,12-16 Oct 2026,B,0,Cumulative review,6/6,Pre-break consolidation and retrieval practice,cse,Use mixed questions from the previous unit. Do not start the next unit before the break.,
Year 12 FM,FM P1-P4 (FMP1234),y13_fmp1234_051,Michaelmas,M9A,26-30 Oct 2026,A,9,P3.5 Exponentials and Logarithms & P3.6 Differentiation & P3.7 Integration,1/12,P3.5.1 Exponential Functions,core,"Define and sketch exponential functions showing growth and decay. Interpret parameters in transformations of y = ae^{bx} + c.; Apply transformations of exponential graphs to model data. Identify the effects of parameters a, b, and c on function shape.",Shorter Year 11 mock week. Regular sixth-form teaching continues unless affected by staffing.
Year 12 FM,FM P1-P4 (FMP1234),y13_fmp1234_052,Michaelmas,M9A,26-30 Oct 2026,A,9,P3.5 Exponentials and Logarithms & P3.6 Differentiation & P3.7 Integration,2/12,P3.5.2 y = ae^(bx) + c + P3.5.3 Natural Logarithms,core,"Define and sketch exponential functions showing growth and decay. Interpret parameters in transformations of y = ae^{bx} + c.; Apply transformations of exponential graphs to model data. Identify the effects of parameters a, b, and c on function shape.",
Year 12 FM,FM P1-P4 (FMP1234),y13_fmp1234_053,Michaelmas,M9A,26-30 Oct 2026,A,9,P3.5 Exponentials and Logarithms & P3.6 Differentiation & P3.7 Integration,3/12,P3.5.4 Logarithms and Non-Linear Data,core,"Define and sketch exponential functions showing growth and decay. Interpret parameters in transformations of y = ae^{bx} + c.; Apply transformations of exponential graphs to model data. Identify the effects of parameters a, b, and c on function shape.",
Year 12 FM,FM P1-P4 (FMP1234),y13_fmp1234_054,Michaelmas,M9A,26-30 Oct 2026,A,9,P3.5 Exponentials and Logarithms & P3.6 Differentiation & P3.7 Integration,4/12,P3.5.5 Exponential Modelling,core,"Define and sketch exponential functions showing growth and decay. Interpret parameters in transformations of y = ae^{bx} + c.; Apply transformations of exponential graphs to model data. Identify the effects of parameters a, b, and c on function shape.",
Year 12 FM,FM P1-P4 (FMP1234),y13_fmp1234_055,Michaelmas,M9A,26-30 Oct 2026,A,9,P3.5 Exponentials and Logarithms & P3.6 Differentiation & P3.7 Integration,5/12,P3.6.1 Differentiating sin x and cos x + P3.6.2 Differentiating Exponentials and Logarithms,core,"Define and sketch exponential functions showing growth and decay. Interpret parameters in transformations of y = ae^{bx} + c.; Apply transformations of exponential graphs to model data. Identify the effects of parameters a, b, and c on function shape.",
Year 12 FM,FM P1-P4 (FMP1234),y13_fmp1234_056,Michaelmas,M9A,26-30 Oct 2026,A,9,P3.5 Exponentials and Logarithms & P3.6 Differentiation & P3.7 Integration,6/12,P3.6.3 The Chain Rule,core,"Define and sketch exponential functions showing growth and decay. Interpret parameters in transformations of y = ae^{bx} + c.; Apply transformations of exponential graphs to model data. Identify the effects of parameters a, b, and c on function shape.",
Year 12 FM,FM P1-P4 (FMP1234),y13_fmp1234_057,Michaelmas,M9A,26-30 Oct 2026,A,9,P3.5 Exponentials and Logarithms & P3.6 Differentiation & P3.7 Integration,7/12,P3.6.4 The Product Rule + P3.6.5 The Quotient Rule,core,"Define and sketch exponential functions showing growth and decay. Interpret parameters in transformations of y = ae^{bx} + c.; Apply transformations of exponential graphs to model data. Identify the effects of parameters a, b, and c on function shape.",
Year 12 FM,FM P1-P4 (FMP1234),y13_fmp1234_058,Michaelmas,M10B,2-6 Nov 2026,B,9,P3.5 Exponentials and Logarithms & P3.6 Differentiation & P3.7 Integration,8/12,P3.6.6 Differentiating Trigonometric Functions,core,"Define and sketch exponential functions showing growth and decay. Interpret parameters in transformations of y = ae^{bx} + c.; Apply transformations of exponential graphs to model data. Identify the effects of parameters a, b, and c on function shape.",Year 12 IR1 opens Mon 2 Nov. Yr 7-11 and 13 IR1 opens Tue 3 Nov.
Year 12 FM,FM P1-P4 (FMP1234),y13_fmp1234_059,Michaelmas,M10B,2-6 Nov 2026,B,9,P3.5 Exponentials and Logarithms & P3.6 Differentiation & P3.7 Integration,9/12,P3.7.1 Integrating Standard Functions,core,"Define and sketch exponential functions showing growth and decay. Interpret parameters in transformations of y = ae^{bx} + c.; Apply transformations of exponential graphs to model data. Identify the effects of parameters a, b, and c on function shape.",
Year 12 FM,FM P1-P4 (FMP1234),y13_fmp1234_060,Michaelmas,M10B,2-6 Nov 2026,B,9,P3.5 Exponentials and Logarithms & P3.6 Differentiation & P3.7 Integration,10/12,P3.7.2 Integrating f(ax + b) + P3.7.3 Using Trigonometric Identities,core,"Define and sketch exponential functions showing growth and decay. Interpret parameters in transformations of y = ae^{bx} + c.; Apply transformations of exponential graphs to model data. Identify the effects of parameters a, b, and c on function shape.",
Year 12 FM,FM P1-P4 (FMP1234),y13_fmp1234_061,Michaelmas,M10B,2-6 Nov 2026,B,9,P3.5 Exponentials and Logarithms & P3.6 Differentiation & P3.7 Integration,11/12,P3.7.4 Reverse Chain Rule,core,"Define and sketch exponential functions showing growth and decay. Interpret parameters in transformations of y = ae^{bx} + c.; Apply transformations of exponential graphs to model data. Identify the effects of parameters a, b, and c on function shape.",
Year 12 FM,FM P1-P4 (FMP1234),y13_fmp1234_062,Michaelmas,M10B,2-6 Nov 2026,B,9,P3.5 Exponentials and Logarithms & P3.6 Differentiation & P3.7 Integration,★,Unit Test 9: P3.5 Exponentials and Logarithms P3.6 Differentiation P3.7 Integration,assessment,End-of-unit assessment. Use outcomes to identify gaps and set targeted practice before the next block.,
Year 12 FM,FM P1-P4 (FMP1234),y13_fmp1234_063,Michaelmas,M10B,2-6 Nov 2026,B,10,P3.8 Numerical Methods & P4.1 Proof & P4.2 Partial Fractions,1/9,P3.8.1 Locating Roots,core,Locate roots of equations using sign change methods and graphs. Estimate solutions within defined intervals.; Apply iterative methods to approximate roots numerically. Evaluate convergence and reliability of iterations.,
Year 12 FM,FM P1-P4 (FMP1234),y13_fmp1234_064,Michaelmas,M10B,2-6 Nov 2026,B,10,P3.8 Numerical Methods & P4.1 Proof & P4.2 Partial Fractions,2/9,P3.8.2 Fixed Point Iteration,core,Locate roots of equations using sign change methods and graphs. Estimate solutions within defined intervals.; Apply iterative methods to approximate roots numerically. Evaluate convergence and reliability of iterations.,
Year 12 FM,FM P1-P4 (FMP1234),y13_fmp1234_065,Michaelmas,M11A,9-13 Nov 2026,A,10,P3.8 Numerical Methods & P4.1 Proof & P4.2 Partial Fractions,3/9,P4.1.1 Proof by contradiction,core,Locate roots of equations using sign change methods and graphs. Estimate solutions within defined intervals.; Apply iterative methods to approximate roots numerically. Evaluate convergence and reliability of iterations.,Year 12 IR1 closes Thu 12 Nov. Year 11 mock marking window.
Year 12 FM,FM P1-P4 (FMP1234),y13_fmp1234_066,Michaelmas,M11A,9-13 Nov 2026,A,10,P3.8 Numerical Methods & P4.1 Proof & P4.2 Partial Fractions,4/9,P4.2.1 Partial Fractions,core,Locate roots of equations using sign change methods and graphs. Estimate solutions within defined intervals.; Apply iterative methods to approximate roots numerically. Evaluate convergence and reliability of iterations.,
Year 12 FM,FM P1-P4 (FMP1234),y13_fmp1234_067,Michaelmas,M11A,9-13 Nov 2026,A,10,P3.8 Numerical Methods & P4.1 Proof & P4.2 Partial Fractions,5/9,P3.8 Numerical Methods P4.1 Proof P4.2 Partial Fractions teaching and practice,core,Locate roots of equations using sign change methods and graphs. Estimate solutions within defined intervals.; Apply iterative methods to approximate roots numerically. Evaluate convergence and reliability of iterations.,
Year 12 FM,FM P1-P4 (FMP1234),y13_fmp1234_068,Michaelmas,M11A,9-13 Nov 2026,A,10,P3.8 Numerical Methods & P4.1 Proof & P4.2 Partial Fractions,6/9,P4.2.2 Repeated Factors,core,Locate roots of equations using sign change methods and graphs. Estimate solutions within defined intervals.; Apply iterative methods to approximate roots numerically. Evaluate convergence and reliability of iterations.,
Year 12 FM,FM P1-P4 (FMP1234),y13_fmp1234_069,Michaelmas,M11A,9-13 Nov 2026,A,10,P3.8 Numerical Methods & P4.1 Proof & P4.2 Partial Fractions,7/9,P4.2.3 Improper Fractions,core,Locate roots of equations using sign change methods and graphs. Estimate solutions within defined intervals.; Apply iterative methods to approximate roots numerically. Evaluate convergence and reliability of iterations.,
Year 12 FM,FM P1-P4 (FMP1234),y13_fmp1234_070,Michaelmas,M11A,9-13 Nov 2026,A,10,P3.8 Numerical Methods & P4.1 Proof & P4.2 Partial Fractions,8/9,P1 & P2 Exam Prep,core,Locate roots of equations using sign change methods and graphs. Estimate solutions within defined intervals.; Apply iterative methods to approximate roots numerically. Evaluate convergence and reliability of iterations.,
Year 12 FM,FM P1-P4 (FMP1234),y13_fmp1234_071,Michaelmas,M11A,9-13 Nov 2026,A,10,P3.8 Numerical Methods & P4.1 Proof & P4.2 Partial Fractions,★,Unit Test 10: P3.8 Numerical Methods P4.1 Proof P4.2 Partial Fractions,assessment,End-of-unit assessment. Use outcomes to identify gaps and set targeted practice before the next block.,
Year 12 FM,FM P1-P4 (FMP1234),y13_fmp1234_072,Michaelmas,M12B,16-20 Nov 2026,B,11,"P4.3 Coordinate Geometry in the (x, y) Plane & P4.4 Binomial Expansion",1/8,P4.3.1 Parametric Equations,core,Represent curves using parametric equations and eliminate parameters. Sketch and interpret curves defined parametrically.; Apply trigonometric identities to transform parametric equations. Simplify complex parametric relationships involving trig functions.,Yr 7-11 and 13 IR1 closes Mon 16 Nov. IR1 checking window.
Year 12 FM,FM P1-P4 (FMP1234),y13_fmp1234_073,Michaelmas,M12B,16-20 Nov 2026,B,11,"P4.3 Coordinate Geometry in the (x, y) Plane & P4.4 Binomial Expansion",2/8,P4.3.2 Using Trigonometric Identities,core,Represent curves using parametric equations and eliminate parameters. Sketch and interpret curves defined parametrically.; Apply trigonometric identities to transform parametric equations. Simplify complex parametric relationships involving trig functions.,
Year 12 FM,FM P1-P4 (FMP1234),y13_fmp1234_074,Michaelmas,M12B,16-20 Nov 2026,B,11,"P4.3 Coordinate Geometry in the (x, y) Plane & P4.4 Binomial Expansion",3/8,P4.3.3 Curve Sketching,core,Represent curves using parametric equations and eliminate parameters. Sketch and interpret curves defined parametrically.; Apply trigonometric identities to transform parametric equations. Simplify complex parametric relationships involving trig functions.,
Year 12 FM,FM P1-P4 (FMP1234),y13_fmp1234_075,Michaelmas,M12B,16-20 Nov 2026,B,11,"P4.3 Coordinate Geometry in the (x, y) Plane & P4.4 Binomial Expansion",4/8,"P4.3 Coordinate Geometry in the (x, y) Plane P4.4 Binomial Expansion teaching and practice",core,Represent curves using parametric equations and eliminate parameters. Sketch and interpret curves defined parametrically.; Apply trigonometric identities to transform parametric equations. Simplify complex parametric relationships involving trig functions.,
Year 12 FM,FM P1-P4 (FMP1234),y13_fmp1234_076,Michaelmas,M12B,16-20 Nov 2026,B,11,"P4.3 Coordinate Geometry in the (x, y) Plane & P4.4 Binomial Expansion",5/8,P4.4.1 Expanding (1 + x)^n,core,Represent curves using parametric equations and eliminate parameters. Sketch and interpret curves defined parametrically.; Apply trigonometric identities to transform parametric equations. Simplify complex parametric relationships involving trig functions.,
Year 12 FM,FM P1-P4 (FMP1234),y13_fmp1234_077,Michaelmas,M12B,16-20 Nov 2026,B,11,"P4.3 Coordinate Geometry in the (x, y) Plane & P4.4 Binomial Expansion",6/8,P4.4.2 Expanding (a + bx)^n,core,Represent curves using parametric equations and eliminate parameters. Sketch and interpret curves defined parametrically.; Apply trigonometric identities to transform parametric equations. Simplify complex parametric relationships involving trig functions.,
Year 12 FM,FM P1-P4 (FMP1234),y13_fmp1234_078,Michaelmas,M12B,16-20 Nov 2026,B,11,"P4.3 Coordinate Geometry in the (x, y) Plane & P4.4 Binomial Expansion",7/8,P4.4.3 Using Partial Fractions,core,Represent curves using parametric equations and eliminate parameters. Sketch and interpret curves defined parametrically.; Apply trigonometric identities to transform parametric equations. Simplify complex parametric relationships involving trig functions.,
Year 12 FM,FM P1-P4 (FMP1234),y13_fmp1234_079,Michaelmas,M13A,23-27 Nov 2026,A,11,"P4.3 Coordinate Geometry in the (x, y) Plane & P4.4 Binomial Expansion",★,"Unit Test 11: P4.3 Coordinate Geometry in the (x, y) Plane P4.4 Binomial Expansion",assessment,End-of-unit assessment. Use outcomes to identify gaps and set targeted practice before the next block.,Year 12 IR1 publish and Year 12 PTC Thu 26 Nov.
Year 12 FM,FM P1-P4 (FMP1234),y13_fmp1234_080,Michaelmas,M13A,23-27 Nov 2026,A,12,P4.5 Differentiation & P4.6 Integration,1/12,P4.5.1 Parametric Differentiation,core,Differentiate parametric equations to find dy/dx and rates of change. Apply to motion and curve gradient problems.; Differentiate functions defined implicitly. Solve problems involving non-explicit relationships between x and y.,
Year 12 FM,FM P1-P4 (FMP1234),y13_fmp1234_081,Michaelmas,M13A,23-27 Nov 2026,A,12,P4.5 Differentiation & P4.6 Integration,2/12,P4.5.2 Implicit Differentiation,core,Differentiate parametric equations to find dy/dx and rates of change. Apply to motion and curve gradient problems.; Differentiate functions defined implicitly. Solve problems involving non-explicit relationships between x and y.,
Year 12 FM,FM P1-P4 (FMP1234),y13_fmp1234_082,Michaelmas,M13A,23-27 Nov 2026,A,12,P4.5 Differentiation & P4.6 Integration,3/12,P4.5.3 Rates of Change,core,Differentiate parametric equations to find dy/dx and rates of change. Apply to motion and curve gradient problems.; Differentiate functions defined implicitly. Solve problems involving non-explicit relationships between x and y.,
Year 12 FM,FM P1-P4 (FMP1234),y13_fmp1234_083,Michaelmas,M13A,23-27 Nov 2026,A,12,P4.5 Differentiation & P4.6 Integration,4/12,P4.6.1 Finding the Area Under a Curve Defined Parametrically,core,Differentiate parametric equations to find dy/dx and rates of change. Apply to motion and curve gradient problems.; Differentiate functions defined implicitly. Solve problems involving non-explicit relationships between x and y.,
Year 12 FM,FM P1-P4 (FMP1234),y13_fmp1234_084,Michaelmas,M13A,23-27 Nov 2026,A,12,P4.5 Differentiation & P4.6 Integration,5/12,P4.6.2 Volumes of Revolution Around the x-Axis,core,Differentiate parametric equations to find dy/dx and rates of change. Apply to motion and curve gradient problems.; Differentiate functions defined implicitly. Solve problems involving non-explicit relationships between x and y.,
Year 12 FM,FM P1-P4 (FMP1234),y13_fmp1234_085,Michaelmas,M13A,23-27 Nov 2026,A,12,P4.5 Differentiation & P4.6 Integration,6/12,P4.5 Differentiation P4.6 Integration teaching and practice,core,Differentiate parametric equations to find dy/dx and rates of change. Apply to motion and curve gradient problems.; Differentiate functions defined implicitly. Solve problems involving non-explicit relationships between x and y.,
Year 12 FM,FM P1-P4 (FMP1234),y13_fmp1234_086,Michaelmas,M14B,30 Nov-4 Dec 2026,B,12,P4.5 Differentiation & P4.6 Integration,7/12,P4.6.3 Integration by Substitution,core,Differentiate parametric equations to find dy/dx and rates of change. Apply to motion and curve gradient problems.; Differentiate functions defined implicitly. Solve problems involving non-explicit relationships between x and y.,Yr 7-11 and 13 IR1 publish Thu 3 Dec.
Year 12 FM,FM P1-P4 (FMP1234),y13_fmp1234_087,Michaelmas,M14B,30 Nov-4 Dec 2026,B,12,P4.5 Differentiation & P4.6 Integration,8/12,P4.6.4 Integration by Parts,core,Differentiate parametric equations to find dy/dx and rates of change. Apply to motion and curve gradient problems.; Differentiate functions defined implicitly. Solve problems involving non-explicit relationships between x and y.,
Year 12 FM,FM P1-P4 (FMP1234),y13_fmp1234_088,Michaelmas,M14B,30 Nov-4 Dec 2026,B,12,P4.5 Differentiation & P4.6 Integration,9/12,P4.6.5 Partial Fractions,core,Differentiate parametric equations to find dy/dx and rates of change. Apply to motion and curve gradient problems.; Differentiate functions defined implicitly. Solve problems involving non-explicit relationships between x and y.,
Year 12 FM,FM P1-P4 (FMP1234),y13_fmp1234_089,Michaelmas,M14B,30 Nov-4 Dec 2026,B,12,P4.5 Differentiation & P4.6 Integration,10/12,P4.6.6 Solving Differential Equations,core,Differentiate parametric equations to find dy/dx and rates of change. Apply to motion and curve gradient problems.; Differentiate functions defined implicitly. Solve problems involving non-explicit relationships between x and y.,
Year 12 FM,FM P1-P4 (FMP1234),y13_fmp1234_090,Michaelmas,M14B,30 Nov-4 Dec 2026,B,12,P4.5 Differentiation & P4.6 Integration,11/12,P4.6.7 Modelling with Differential Equations,core,Differentiate parametric equations to find dy/dx and rates of change. Apply to motion and curve gradient problems.; Differentiate functions defined implicitly. Solve problems involving non-explicit relationships between x and y.,
Year 12 FM,FM P1-P4 (FMP1234),y13_fmp1234_091,Michaelmas,M14B,30 Nov-4 Dec 2026,B,12,P4.5 Differentiation & P4.6 Integration,★,Unit Test 12: P4.5 Differentiation P4.6 Integration,assessment,End-of-unit assessment. Use outcomes to identify gaps and set targeted practice before the next block.,
Year 12 FM,FM P1-P4 (FMP1234),y13_fmp1234_092,Michaelmas,M14B,30 Nov-4 Dec 2026,B,13,P4.7 Vectors,1/16,P4.7.1 Vectors,core,"Represent vectors using column and unit vector notation. Perform basic vector operations including addition, subtraction, and scalar multiplication.; Express vectors in component form using magnitude and direction. Interpret and construct vector diagrams in two and three dimensions.",
Year 12 FM,FM P1-P4 (FMP1234),y13_fmp1234_093,Michaelmas,M15A,7-11 Dec 2026,A,13,P4.7 Vectors,2/16,P4.7 Vectors teaching and practice,core,"Represent vectors using column and unit vector notation. Perform basic vector operations including addition, subtraction, and scalar multiplication.; Express vectors in component form using magnitude and direction. Interpret and construct vector diagrams in two and three dimensions.",National holidays Mon 7 Dec and Thu 10 Dec. Sixth Form and IGCSE Options Fair Tue 8 Dec.
Year 12 FM,FM P1-P4 (FMP1234),y13_fmp1234_094,Michaelmas,M15A,7-11 Dec 2026,A,13,P4.7 Vectors,3/16,P4.7.2 Representing Vectors,core,"Represent vectors using column and unit vector notation. Perform basic vector operations including addition, subtraction, and scalar multiplication.; Express vectors in component form using magnitude and direction. Interpret and construct vector diagrams in two and three dimensions.",
Year 12 FM,FM P1-P4 (FMP1234),y13_fmp1234_095,Michaelmas,M15A,7-11 Dec 2026,A,13,P4.7 Vectors,4/16,P4.7.3 Magnitude and Direction,core,"Represent vectors using column and unit vector notation. Perform basic vector operations including addition, subtraction, and scalar multiplication.; Express vectors in component form using magnitude and direction. Interpret and construct vector diagrams in two and three dimensions.",
Year 12 FM,FM P1-P4 (FMP1234),y13_fmp1234_096,Michaelmas,M15A,7-11 Dec 2026,A,13,P4.7 Vectors,5/16,P4.7.4 Vectors in 3D,core,"Represent vectors using column and unit vector notation. Perform basic vector operations including addition, subtraction, and scalar multiplication.; Express vectors in component form using magnitude and direction. Interpret and construct vector diagrams in two and three dimensions.",
Year 12 FM,FM P1-P4 (FMP1234),y13_fmp1234_097,Michaelmas,M16B,14-16 Dec 2026,B,13,P4.7 Vectors,6/16,P4.7 Vectors teaching and practice,core,"Represent vectors using column and unit vector notation. Perform basic vector operations including addition, subtraction, and scalar multiplication.; Express vectors in component form using magnitude and direction. Interpret and construct vector diagrams in two and three dimensions.",Final partial week of Michaelmas. No new heavy content.
Year 12 FM,FM P1-P4 (FMP1234),y13_fmp1234_098,Michaelmas,M16B,14-16 Dec 2026,B,13,P4.7 Vectors,7/16,P4.7.5 Solving Geometric Problems in Two Dimensions,core,"Represent vectors using column and unit vector notation. Perform basic vector operations including addition, subtraction, and scalar multiplication.; Express vectors in component form using magnitude and direction. Interpret and construct vector diagrams in two and three dimensions.",
Year 12 FM,FM P1-P4 (FMP1234),y13_fmp1234_099,Michaelmas,M16B,14-16 Dec 2026,B,13,P4.7 Vectors,8/16,P4.7.6 Solving Geometric Problems in Three Dimensions,core,"Represent vectors using column and unit vector notation. Perform basic vector operations including addition, subtraction, and scalar multiplication.; Express vectors in component form using magnitude and direction. Interpret and construct vector diagrams in two and three dimensions.",
Year 12 FM,FM P1-P4 (FMP1234),y13_fmp1234_100,Lent,L1A,7-8 Jan 2027,A,13,P4.7 Vectors,9/16,P4.7.7 Position Vectors,core,"Represent vectors using column and unit vector notation. Perform basic vector operations including addition, subtraction, and scalar multiplication.; Express vectors in component form using magnitude and direction. Interpret and construct vector diagrams in two and three dimensions.",Term restart after INSET on Wed 6 Jan. Partial week.
Year 12 FM,FM P1-P4 (FMP1234),y13_fmp1234_101,Lent,L1A,7-8 Jan 2027,A,13,P4.7 Vectors,10/16,P4.7 Vectors teaching and practice,core,"Represent vectors using column and unit vector notation. Perform basic vector operations including addition, subtraction, and scalar multiplication.; Express vectors in component form using magnitude and direction. Interpret and construct vector diagrams in two and three dimensions.",
Year 12 FM,FM P1-P4 (FMP1234),y13_fmp1234_102,Lent,L1A,7-8 Jan 2027,A,13,P4.7 Vectors,11/16,P4.7.8 3D Coordinates,core,"Represent vectors using column and unit vector notation. Perform basic vector operations including addition, subtraction, and scalar multiplication.; Express vectors in component form using magnitude and direction. Interpret and construct vector diagrams in two and three dimensions.",
Year 12 FM,FM P1-P4 (FMP1234),y13_fmp1234_103,Lent,L2B,11-15 Jan 2027,B,0,MOCK WEEK,★,Mock Exam,assessment,No regular teaching. Use mock outcomes for targeted reteaching from L3A.,Year 12 and Year 13 mock week. No regular teaching.
Year 12 FM,FM P1-P4 (FMP1234),y13_fmp1234_104,Lent,L3A,18-22 Jan 2027,A,13,P4.7 Vectors,12/16,P4.7.9 Equation of a Line in Three Dimensions,core,"Represent vectors using column and unit vector notation. Perform basic vector operations including addition, subtraction, and scalar multiplication.; Express vectors in component form using magnitude and direction. Interpret and construct vector diagrams in two and three dimensions.",Mock review and targeted reteaching. Year 12 and 13 mock results report opens.
Year 12 FM,FM P1-P4 (FMP1234),y13_fmp1234_105,Lent,L3A,18-22 Jan 2027,A,13,P4.7 Vectors,13/16,P4.7.10 Points of Intersection,core,"Represent vectors using column and unit vector notation. Perform basic vector operations including addition, subtraction, and scalar multiplication.; Express vectors in component form using magnitude and direction. Interpret and construct vector diagrams in two and three dimensions.",
Year 12 FM,FM P1-P4 (FMP1234),y13_fmp1234_106,Lent,L3A,18-22 Jan 2027,A,13,P4.7 Vectors,14/16,P4.7 Vectors teaching and practice,core,"Represent vectors using column and unit vector notation. Perform basic vector operations including addition, subtraction, and scalar multiplication.; Express vectors in component form using magnitude and direction. Interpret and construct vector diagrams in two and three dimensions.",
Year 12 FM,FM P1-P4 (FMP1234),y13_fmp1234_107,Lent,L3A,18-22 Jan 2027,A,13,P4.7 Vectors,15/16,P4.7.11 Scalar Product,core,"Represent vectors using column and unit vector notation. Perform basic vector operations including addition, subtraction, and scalar multiplication.; Express vectors in component form using magnitude and direction. Interpret and construct vector diagrams in two and three dimensions.",
Year 12 FM,FM P1-P4 (FMP1234),y13_fmp1234_108,Lent,L3A,18-22 Jan 2027,A,13,P4.7 Vectors,★,Unit Test 13: P4.7 Vectors,assessment,End-of-unit assessment. Use outcomes to identify gaps and set targeted practice before the next block.,
Year 12 FM,FM P1-P4 (FMP1234),y13_fmp1234_109,Lent,L3A,18-22 Jan 2027,A,0,Cumulative review,6/7,"Cumulative review, problem-solving and targeted intervention",cse,Revisit recent unit-test errors and practise mixed exam-style questions.,
Year 12 FM,FM P1-P4 (FMP1234),y13_fmp1234_110,Lent,L3A,18-22 Jan 2027,A,0,Cumulative review,7/7,"Cumulative review, problem-solving and targeted intervention",cse,Revisit recent unit-test errors and practise mixed exam-style questions.,
Year 12 FM,FM P1-P4 (FMP1234),y13_fmp1234_111,Lent,L4B,25-29 Jan 2027,B,0,Cumulative review,1/7,"Cumulative review, problem-solving and targeted intervention",cse,Revisit recent unit-test errors and practise mixed exam-style questions.,Mock marking/standardisation and report checking window.
Year 12 FM,FM P1-P4 (FMP1234),y13_fmp1234_112,Lent,L4B,25-29 Jan 2027,B,0,Cumulative review,2/7,"Cumulative review, problem-solving and targeted intervention",cse,Revisit recent unit-test errors and practise mixed exam-style questions.,
Year 12 FM,FM P1-P4 (FMP1234),y13_fmp1234_113,Lent,L4B,25-29 Jan 2027,B,0,Cumulative review,3/7,"Cumulative review, problem-solving and targeted intervention",cse,Revisit recent unit-test errors and practise mixed exam-style questions.,
Year 12 FM,FM P1-P4 (FMP1234),y13_fmp1234_114,Lent,L4B,25-29 Jan 2027,B,0,Cumulative review,4/7,"Cumulative review, problem-solving and targeted intervention",cse,Revisit recent unit-test errors and practise mixed exam-style questions.,
Year 12 FM,FM P1-P4 (FMP1234),y13_fmp1234_115,Lent,L4B,25-29 Jan 2027,B,0,Cumulative review,5/7,"Cumulative review, problem-solving and targeted intervention",cse,Revisit recent unit-test errors and practise mixed exam-style questions.,
Year 12 FM,FM P1-P4 (FMP1234),y13_fmp1234_116,Lent,L4B,25-29 Jan 2027,B,0,Cumulative review,6/7,"Cumulative review, problem-solving and targeted intervention",cse,Revisit recent unit-test errors and practise mixed exam-style questions.,
Year 12 FM,FM P1-P4 (FMP1234),y13_fmp1234_117,Lent,L4B,25-29 Jan 2027,B,0,Cumulative review,7/7,"Cumulative review, problem-solving and targeted intervention",cse,Revisit recent unit-test errors and practise mixed exam-style questions.,
Year 12 FM,FM P1-P4 (FMP1234),y13_fmp1234_118,Lent,L5A,1-5 Feb 2027,A,0,Cumulative review,1/7,"Cumulative review, problem-solving and targeted intervention",cse,Revisit recent unit-test errors and practise mixed exam-style questions.,Power BI and report completion window. Use for consolidation where needed.
Year 12 FM,FM P1-P4 (FMP1234),y13_fmp1234_119,Lent,L5A,1-5 Feb 2027,A,0,Cumulative review,2/7,"Cumulative review, problem-solving and targeted intervention",cse,Revisit recent unit-test errors and practise mixed exam-style questions.,
Year 12 FM,FM P1-P4 (FMP1234),y13_fmp1234_120,Lent,L5A,1-5 Feb 2027,A,0,Cumulative review,3/7,"Cumulative review, problem-solving and targeted intervention",cse,Revisit recent unit-test errors and practise mixed exam-style questions.,
Year 12 FM,FM P1-P4 (FMP1234),y13_fmp1234_121,Lent,L5A,1-5 Feb 2027,A,0,Cumulative review,4/7,"Cumulative review, problem-solving and targeted intervention",cse,Revisit recent unit-test errors and practise mixed exam-style questions.,
Year 12 FM,FM P1-P4 (FMP1234),y13_fmp1234_122,Lent,L5A,1-5 Feb 2027,A,0,Cumulative review,5/7,"Cumulative review, problem-solving and targeted intervention",cse,Revisit recent unit-test errors and practise mixed exam-style questions.,
Year 12 FM,FM P1-P4 (FMP1234),y13_fmp1234_123,Lent,L5A,1-5 Feb 2027,A,0,Cumulative review,6/7,"Cumulative review, problem-solving and targeted intervention",cse,Revisit recent unit-test errors and practise mixed exam-style questions.,
Year 12 FM,FM P1-P4 (FMP1234),y13_fmp1234_124,Lent,L5A,1-5 Feb 2027,A,0,Cumulative review,7/7,"Cumulative review, problem-solving and targeted intervention",cse,Revisit recent unit-test errors and practise mixed exam-style questions.,
Year 12 FM,FM P1-P4 (FMP1234),y13_fmp1234_125,Lent,L6B,8-12 Feb 2027,B,0,Cumulative review,1/7,"Cumulative review, problem-solving and targeted intervention",cse,Revisit recent unit-test errors and practise mixed exam-style questions.,Final week before Lent half-term. Year 13 PTC Wed 10 Feb. Avoid starting a new unit.
Year 12 FM,FM P1-P4 (FMP1234),y13_fmp1234_126,Lent,L6B,8-12 Feb 2027,B,0,Cumulative review,2/7,"Cumulative review, problem-solving and targeted intervention",cse,Revisit recent unit-test errors and practise mixed exam-style questions.,
Year 12 FM,FM P1-P4 (FMP1234),y13_fmp1234_127,Lent,L6B,8-12 Feb 2027,B,0,Cumulative review,3/7,"Cumulative review, problem-solving and targeted intervention",cse,Revisit recent unit-test errors and practise mixed exam-style questions.,
Year 12 FM,FM P1-P4 (FMP1234),y13_fmp1234_128,Lent,L6B,8-12 Feb 2027,B,0,Cumulative review,4/7,"Cumulative review, problem-solving and targeted intervention",cse,Revisit recent unit-test errors and practise mixed exam-style questions.,
Year 12 FM,FM P1-P4 (FMP1234),y13_fmp1234_129,Lent,L6B,8-12 Feb 2027,B,0,Cumulative review,5/7,"Cumulative review, problem-solving and targeted intervention",cse,Revisit recent unit-test errors and practise mixed exam-style questions.,
Year 12 FM,FM P1-P4 (FMP1234),y13_fmp1234_130,Lent,L6B,8-12 Feb 2027,B,0,Cumulative review,6/7,"Cumulative review, problem-solving and targeted intervention",cse,Revisit recent unit-test errors and practise mixed exam-style questions.,
Year 12 FM,FM P1-P4 (FMP1234),y13_fmp1234_131,Lent,L6B,8-12 Feb 2027,B,0,Cumulative review,7/7,"Cumulative review, problem-solving and targeted intervention",cse,Revisit recent unit-test errors and practise mixed exam-style questions.,
Year 12 FM,FM P1-P4 (FMP1234),y13_fmp1234_132,Lent,L7A,22-26 Feb 2027,A,0,Cumulative review,1/7,"Cumulative review, problem-solving and targeted intervention",cse,Revisit recent unit-test errors and practise mixed exam-style questions.,Return after half-term. Year 11 mock week and Yr 7-9 Adventure Week; sixth-form teaching continues.
Year 12 FM,FM P1-P4 (FMP1234),y13_fmp1234_133,Lent,L7A,22-26 Feb 2027,A,0,Cumulative review,2/7,"Cumulative review, problem-solving and targeted intervention",cse,Revisit recent unit-test errors and practise mixed exam-style questions.,
Year 12 FM,FM P1-P4 (FMP1234),y13_fmp1234_134,Lent,L7A,22-26 Feb 2027,A,0,Cumulative review,3/7,"Cumulative review, problem-solving and targeted intervention",cse,Revisit recent unit-test errors and practise mixed exam-style questions.,
Year 12 FM,FM P1-P4 (FMP1234),y13_fmp1234_135,Lent,L7A,22-26 Feb 2027,A,0,Cumulative review,4/7,"Cumulative review, problem-solving and targeted intervention",cse,Revisit recent unit-test errors and practise mixed exam-style questions.,
Year 12 FM,FM P1-P4 (FMP1234),y13_fmp1234_136,Lent,L7A,22-26 Feb 2027,A,0,Cumulative review,5/7,"Cumulative review, problem-solving and targeted intervention",cse,Revisit recent unit-test errors and practise mixed exam-style questions.,
Year 12 FM,FM P1-P4 (FMP1234),y13_fmp1234_137,Lent,L7A,22-26 Feb 2027,A,0,Cumulative review,6/7,"Cumulative review, problem-solving and targeted intervention",cse,Revisit recent unit-test errors and practise mixed exam-style questions.,
Year 12 FM,FM P1-P4 (FMP1234),y13_fmp1234_138,Lent,L7A,22-26 Feb 2027,A,0,Cumulative review,7/7,"Cumulative review, problem-solving and targeted intervention",cse,Revisit recent unit-test errors and practise mixed exam-style questions.,
Year 12 FM,FM P1-P4 (FMP1234),y13_fmp1234_139,Lent,L8B,1-5 Mar 2027,B,0,Cumulative review,1/7,"Cumulative review, problem-solving and targeted intervention",cse,Revisit recent unit-test errors and practise mixed exam-style questions.,Yr 7-10 and 12 IR3 opens. Year 11 and 13 Full Report 3 opens.
Year 12 FM,FM P1-P4 (FMP1234),y13_fmp1234_140,Lent,L8B,1-5 Mar 2027,B,0,Cumulative review,2/7,"Cumulative review, problem-solving and targeted intervention",cse,Revisit recent unit-test errors and practise mixed exam-style questions.,
Year 12 FM,FM P1-P4 (FMP1234),y13_fmp1234_141,Lent,L8B,1-5 Mar 2027,B,0,Cumulative review,3/7,"Cumulative review, problem-solving and targeted intervention",cse,Revisit recent unit-test errors and practise mixed exam-style questions.,
Year 12 FM,FM P1-P4 (FMP1234),y13_fmp1234_142,Lent,L8B,1-5 Mar 2027,B,0,Cumulative review,4/7,"Cumulative review, problem-solving and targeted intervention",cse,Revisit recent unit-test errors and practise mixed exam-style questions.,
Year 12 FM,FM P1-P4 (FMP1234),y13_fmp1234_143,Lent,L8B,1-5 Mar 2027,B,0,Cumulative review,5/7,"Cumulative review, problem-solving and targeted intervention",cse,Revisit recent unit-test errors and practise mixed exam-style questions.,
Year 12 FM,FM P1-P4 (FMP1234),y13_fmp1234_144,Lent,L8B,1-5 Mar 2027,B,0,Cumulative review,6/7,"Cumulative review, problem-solving and targeted intervention",cse,Revisit recent unit-test errors and practise mixed exam-style questions.,
Year 12 FM,FM P1-P4 (FMP1234),y13_fmp1234_145,Lent,L8B,1-5 Mar 2027,B,0,Cumulative review,7/7,"Cumulative review, problem-solving and targeted intervention",cse,Revisit recent unit-test errors and practise mixed exam-style questions.,
Year 12 FM,FM P1-P4 (FMP1234),y13_fmp1234_146,Lent,L9A,8-12 Mar 2027,A,0,Cumulative review,1/7,"Cumulative review, problem-solving and targeted intervention",cse,Revisit recent unit-test errors and practise mixed exam-style questions.,IR3 and full report checking window. Use for final content and consolidation.
Year 12 FM,FM P1-P4 (FMP1234),y13_fmp1234_147,Lent,L9A,8-12 Mar 2027,A,0,Cumulative review,2/7,"Cumulative review, problem-solving and targeted intervention",cse,Revisit recent unit-test errors and practise mixed exam-style questions.,
Year 12 FM,FM P1-P4 (FMP1234),y13_fmp1234_148,Lent,L9A,8-12 Mar 2027,A,0,Cumulative review,3/7,"Cumulative review, problem-solving and targeted intervention",cse,Revisit recent unit-test errors and practise mixed exam-style questions.,
Year 12 FM,FM P1-P4 (FMP1234),y13_fmp1234_149,Lent,L9A,8-12 Mar 2027,A,0,Cumulative review,4/7,"Cumulative review, problem-solving and targeted intervention",cse,Revisit recent unit-test errors and practise mixed exam-style questions.,
Year 12 FM,FM P1-P4 (FMP1234),y13_fmp1234_150,Lent,L9A,8-12 Mar 2027,A,0,Cumulative review,5/7,"Cumulative review, problem-solving and targeted intervention",cse,Revisit recent unit-test errors and practise mixed exam-style questions.,
Year 12 FM,FM P1-P4 (FMP1234),y13_fmp1234_151,Lent,L9A,8-12 Mar 2027,A,0,Cumulative review,6/7,"Cumulative review, problem-solving and targeted intervention",cse,Revisit recent unit-test errors and practise mixed exam-style questions.,
Year 12 FM,FM P1-P4 (FMP1234),y13_fmp1234_152,Lent,L9A,8-12 Mar 2027,A,0,Cumulative review,7/7,"Cumulative review, problem-solving and targeted intervention",cse,Revisit recent unit-test errors and practise mixed exam-style questions.,
Year 12 FM,FM P1-P4 (FMP1234),y13_fmp1234_153,Lent,L10B,15-19 Mar 2027,B,0,Cumulative review,1/7,"Cumulative review, problem-solving and targeted intervention",cse,Revisit recent unit-test errors and practise mixed exam-style questions.,Target deadline for first teaching: finish all examinable content by Fri 19 Mar.
Year 12 FM,FM P1-P4 (FMP1234),y13_fmp1234_154,Lent,L10B,15-19 Mar 2027,B,0,Cumulative review,2/7,"Cumulative review, problem-solving and targeted intervention",cse,Revisit recent unit-test errors and practise mixed exam-style questions.,
Year 12 FM,FM P1-P4 (FMP1234),y13_fmp1234_155,Lent,L10B,15-19 Mar 2027,B,0,Cumulative review,3/7,"Cumulative review, problem-solving and targeted intervention",cse,Revisit recent unit-test errors and practise mixed exam-style questions.,
Year 12 FM,FM P1-P4 (FMP1234),y13_fmp1234_156,Lent,L10B,15-19 Mar 2027,B,0,Cumulative review,4/7,"Cumulative review, problem-solving and targeted intervention",cse,Revisit recent unit-test errors and practise mixed exam-style questions.,
Year 12 FM,FM P1-P4 (FMP1234),y13_fmp1234_157,Lent,L10B,15-19 Mar 2027,B,0,Cumulative review,5/7,"Cumulative review, problem-solving and targeted intervention",cse,Revisit recent unit-test errors and practise mixed exam-style questions.,
Year 12 FM,FM P1-P4 (FMP1234),y13_fmp1234_158,Lent,L10B,15-19 Mar 2027,B,0,Cumulative review,6/7,"Cumulative review, problem-solving and targeted intervention",cse,Revisit recent unit-test errors and practise mixed exam-style questions.,
Year 12 FM,FM P1-P4 (FMP1234),y13_fmp1234_159,Lent,L10B,15-19 Mar 2027,B,0,Cumulative review,7/7,"Cumulative review, problem-solving and targeted intervention",cse,Revisit recent unit-test errors and practise mixed exam-style questions.,
Year 12 FM,FM P1-P4 (FMP1234),y13_fmp1234_160,Lent,L11A,22-26 Mar 2027,A,0,Past papers,1/7,Timed past-paper practice and correction,cse,"Complete timed questions, self-mark against mark schemes, and correct common errors.",Protected past-paper practice week. No new first teaching.
Year 12 FM,FM P1-P4 (FMP1234),y13_fmp1234_161,Lent,L11A,22-26 Mar 2027,A,0,Past papers,2/7,Timed past-paper practice and correction,cse,"Complete timed questions, self-mark against mark schemes, and correct common errors.",
Year 12 FM,FM P1-P4 (FMP1234),y13_fmp1234_162,Lent,L11A,22-26 Mar 2027,A,0,Past papers,3/7,Timed past-paper practice and correction,cse,"Complete timed questions, self-mark against mark schemes, and correct common errors.",
Year 12 FM,FM P1-P4 (FMP1234),y13_fmp1234_163,Lent,L11A,22-26 Mar 2027,A,0,Past papers,4/7,Timed past-paper practice and correction,cse,"Complete timed questions, self-mark against mark schemes, and correct common errors.",
Year 12 FM,FM P1-P4 (FMP1234),y13_fmp1234_164,Lent,L11A,22-26 Mar 2027,A,0,Past papers,5/7,Timed past-paper practice and correction,cse,"Complete timed questions, self-mark against mark schemes, and correct common errors.",
Year 12 FM,FM P1-P4 (FMP1234),y13_fmp1234_165,Lent,L11A,22-26 Mar 2027,A,0,Past papers,6/7,Timed past-paper practice and correction,cse,"Complete timed questions, self-mark against mark schemes, and correct common errors.",
Year 12 FM,FM P1-P4 (FMP1234),y13_fmp1234_166,Lent,L11A,22-26 Mar 2027,A,0,Past papers,7/7,Timed past-paper practice and correction,cse,"Complete timed questions, self-mark against mark schemes, and correct common errors.",
Year 12 FM,FM P1-P4 (FMP1234),y13_fmp1234_167,Lent,L12B,29 Mar-2 Apr 2027,B,0,Past papers,1/7,Timed past-paper practice and correction,cse,"Complete timed questions, self-mark against mark schemes, and correct common errors.",Protected past-paper practice week and end of Lent. No new first teaching.
Year 12 FM,FM P1-P4 (FMP1234),y13_fmp1234_168,Lent,L12B,29 Mar-2 Apr 2027,B,0,Past papers,2/7,Timed past-paper practice and correction,cse,"Complete timed questions, self-mark against mark schemes, and correct common errors.",
Year 12 FM,FM P1-P4 (FMP1234),y13_fmp1234_169,Lent,L12B,29 Mar-2 Apr 2027,B,0,Past papers,3/7,Timed past-paper practice and correction,cse,"Complete timed questions, self-mark against mark schemes, and correct common errors.",
Year 12 FM,FM P1-P4 (FMP1234),y13_fmp1234_170,Lent,L12B,29 Mar-2 Apr 2027,B,0,Past papers,4/7,Timed past-paper practice and correction,cse,"Complete timed questions, self-mark against mark schemes, and correct common errors.",
Year 12 FM,FM P1-P4 (FMP1234),y13_fmp1234_171,Lent,L12B,29 Mar-2 Apr 2027,B,0,Past papers,5/7,Timed past-paper practice and correction,cse,"Complete timed questions, self-mark against mark schemes, and correct common errors.",
Year 12 FM,FM P1-P4 (FMP1234),y13_fmp1234_172,Lent,L12B,29 Mar-2 Apr 2027,B,0,Past papers,6/7,Timed past-paper practice and correction,cse,"Complete timed questions, self-mark against mark schemes, and correct common errors.",
Year 12 FM,FM P1-P4 (FMP1234),y13_fmp1234_173,Lent,L12B,29 Mar-2 Apr 2027,B,0,Past papers,7/7,Timed past-paper practice and correction,cse,"Complete timed questions, self-mark against mark schemes, and correct common errors.",
Year 12 FM,FM P1-P4 (FMP1234),y13_fmp1234_174,Summer,S1A,19-23 Apr 2027,A,0,Summer Term,,"Revision, intervention, study leave or exams",cse,No planned first teaching. Use if students are present for exam readiness.,"Summer term starts. Revision, intervention, exam practice and study leave only."
Year 12 FM,FM P1-P4 (FMP1234),y13_fmp1234_175,Summer,S2B,26-30 Apr 2027,B,0,Summer Term,,"Revision, intervention, study leave or exams",cse,No planned first teaching. Use if students are present for exam readiness.,"Revision, intervention, exam practice and study leave."
Year 12 FM,FM P1-P4 (FMP1234),y13_fmp1234_176,Summer,S3A,3-7 May 2027,A,0,Summer Term,,"Revision, intervention, study leave or exams",cse,No planned first teaching. Use if students are present for exam readiness.,"National holiday Tue 4 May. Revision, intervention, exam practice and study leave."
Year 12 FM,FM P1-P4 (FMP1234),y13_fmp1234_177,Summer,S4B,10-14 May 2027,B,0,Summer Term,,"Revision, intervention, study leave or exams",cse,No planned first teaching. Use if students are present for exam readiness.,"Revision, intervention, exam practice and study leave."
Year 12 FM,FM P1-P4 (FMP1234),y13_fmp1234_178,Summer,S5A,17-21 May 2027,A,0,Summer Term,,"Revision, intervention, study leave or exams",cse,No planned first teaching. Use if students are present for exam readiness.,"Revision, intervention, exam practice and study leave."
Year 12 FM,FM P1-P4 (FMP1234),y13_fmp1234_179,Summer,S6B,24-28 May 2027,B,0,Summer Term,,"Revision, intervention, study leave or exams",cse,No planned first teaching. Use if students are present for exam readiness.,"Revision, intervention, exam practice and study leave."
Year 12 FM,FM P1-P4 (FMP1234),y13_fmp1234_180,Summer,S7A,31 May-4 Jun 2027,A,0,Summer Term,,"Revision, intervention, study leave or exams",cse,No planned first teaching. Use if students are present for exam readiness.,National holidays Thu 3 and Fri 4 Jun. Exams/study leave.
Year 12 FM,FM P1-P4 (FMP1234),y13_fmp1234_181,Summer,S8B,7-11 Jun 2027,B,0,Summer Term,,"Revision, intervention, study leave or exams",cse,No planned first teaching. Use if students are present for exam readiness.,Exams/study leave.
Year 12 FM,FM P1-P4 (FMP1234),y13_fmp1234_182,Summer,S9A,14-18 Jun 2027,A,0,Summer Term,,"Revision, intervention, study leave or exams",cse,No planned first teaching. Use if students are present for exam readiness.,Exams/study leave.
Year 12 FM,FM P1-P4 (FMP1234),y13_fmp1234_183,Summer,S10B,21-25 Jun 2027,B,0,Summer Term,,"Revision, intervention, study leave or exams",cse,No planned first teaching. Use if students are present for exam readiness.,Exams/study leave.
Year 12 FM,FM P1-P4 (FMP1234),y13_fmp1234_184,Summer,S11A,28-30 Jun 2027,A,0,Summer Term,,"Revision, intervention, study leave or exams",cse,No planned first teaching. Use if students are present for exam readiness.,Final week usually off timetable. No required teaching.
Year 13,M1 (shared with Y12 FMM1),y13_m1_001,Michaelmas,M1A,24-28 Aug 2026,A,0,Start of Year,1/1,"Induction, routines, course overview and diagnostic",flex,"Set expectations, confirm calculator and folder systems, review exam-board structure and diagnose prerequisite gaps.","Induction, routines and diagnostics. Welcome day Wed 26 Aug. No formal first teaching."
Year 13,M1 (shared with Y12 FMM1),y13_m1_002,Michaelmas,M2B,31 Aug-4 Sep 2026,B,1,M1.1 Mathematical Models in Mechanics,1/3,M1.1.1 Constructing a Model + M1.1.2 Modelling Assumptions,core,Define the process of mathematical modelling in mechanics. Apply modelling to represent physical systems and interpret results.; Identify and justify common modelling assumptions. Evaluate the impact of assumptions on model accuracy.,"Formal teaching starts. Yr 7, 10 and 12 CAT4 testing Wed 2 Sep."
Year 13,M1 (shared with Y12 FMM1),y13_m1_003,Michaelmas,M3A,7-11 Sep 2026,A,1,M1.1 Mathematical Models in Mechanics,2/3,M1.1.3 Quantities and Units,core,Define the process of mathematical modelling in mechanics. Apply modelling to represent physical systems and interpret results.; Identify and justify common modelling assumptions. Evaluate the impact of assumptions on model accuracy.,Exeter 1. External exam review documentation due.
Year 13,M1 (shared with Y12 FMM1),y13_m1_004r,Michaelmas,M3A,7-11 Sep 2026,A,1,M1.1 Mathematical Models in Mechanics,,Revision,cse,Mixed revision and exam-style practice for M1.1 Mathematical Models in Mechanics.,
Year 13,M1 (shared with Y12 FMM1),y13_m1_004,Michaelmas,M3A,7-11 Sep 2026,A,1,M1.1 Mathematical Models in Mechanics,★,Unit Test 1: M1.1 Mathematical Models in Mechanics,assessment,End-of-unit assessment. Use outcomes to identify gaps and set targeted practice before the next block.,
Year 13,M1 (shared with Y12 FMM1),y13_m1_005,Michaelmas,M4B,14-18 Sep 2026,B,2,M1.2 Constant Acceleration,1/5,M1.2.1 Displacement–Time Graphs + M1.2.2 Velocity–Time Graphs,core,Interpret displacement–time graphs to describe motion. Calculate velocity as the gradient of a displacement–time graph.; Interpret velocity time graphs and calculate acceleration. Determine displacement as the area under a velocity–time graph.,Year 7 Tutor and Teacher PTC Wed 16 Sep.
Year 13,M1 (shared with Y12 FMM1),y13_m1_006,Michaelmas,M5A,21-25 Sep 2026,A,2,M1.2 Constant Acceleration,2/5,M1.2.3 Acceleration–Time Graphs,core,Interpret displacement–time graphs to describe motion. Calculate velocity as the gradient of a displacement–time graph.; Interpret velocity time graphs and calculate acceleration. Determine displacement as the area under a velocity–time graph.,Yr 7-13 Interim Report 0 opens Thu 25 Sep.
Year 13,M1 (shared with Y12 FMM1),y13_m1_007,Michaelmas,M5A,21-25 Sep 2026,A,2,M1.2 Constant Acceleration,3/5,M1.2.4 Constant Acceleration Formulae 1,core,Interpret displacement–time graphs to describe motion. Calculate velocity as the gradient of a displacement–time graph.; Interpret velocity time graphs and calculate acceleration. Determine displacement as the area under a velocity–time graph.,
Year 13,M1 (shared with Y12 FMM1),y13_m1_008,Michaelmas,M6B,28 Sep-2 Oct 2026,B,2,M1.2 Constant Acceleration,4/5,M1.2.5 Constant Acceleration Formulae 2 + M1.2.6 Vertical Motion Under Gravity,core,Interpret displacement–time graphs to describe motion. Calculate velocity as the gradient of a displacement–time graph.; Interpret velocity time graphs and calculate acceleration. Determine displacement as the area under a velocity–time graph.,Year 12 progress check. Department SEF and DIP due.
Year 13,M1 (shared with Y12 FMM1),y13_m1_009r,Michaelmas,M7A,5-9 Oct 2026,A,2,M1.2 Constant Acceleration,,Revision,cse,Mixed revision and exam-style practice for M1.2 Constant Acceleration.,
Year 13,M1 (shared with Y12 FMM1),y13_m1_009,Michaelmas,M7A,5-9 Oct 2026,A,2,M1.2 Constant Acceleration,★,Unit Test 2: M1.2 Constant Acceleration,assessment,End-of-unit assessment. Use outcomes to identify gaps and set targeted practice before the next block.,IR0 closes Thu 8 Oct. HoD data checks. Year 10 PTC.
Year 13,M1 (shared with Y12 FMM1),y13_m1_010,Michaelmas,M7A,5-9 Oct 2026,A,3,M1.3 Vectors in Mechanics,1/4,M1.3.1 Working with Vectors,core,Represent quantities as vectors and perform vector operations. Interpret magnitude and direction in physical contexts.; Resolve motion into components using i and j notation. Solve vector equations to find resultant motion.,
Year 13,M1 (shared with Y12 FMM1),y13_m1_011,Michaelmas,M8B,12-16 Oct 2026,B,3,M1.3 Vectors in Mechanics,2/4,M1.3.2 Solving Problems with Vectors Written Using i and j Notation + M1.3.3 The Velocity of a Particle as a Vector,core,Represent quantities as vectors and perform vector operations. Interpret magnitude and direction in physical contexts.; Resolve motion into components using i and j notation. Solve vector equations to find resultant motion.,13 Oct national holiday. Final teaching week before Michaelmas half-term. Avoid starting a new unit.
Year 13,M1 (shared with Y12 FMM1),y13_m1_012,Michaelmas,M9A,26-30 Oct 2026,A,3,M1.3 Vectors in Mechanics,3/4,M1.3.4 Solving Problems Involving Velocity and Time Using Vectors,core,Represent quantities as vectors and perform vector operations. Interpret magnitude and direction in physical contexts.; Resolve motion into components using i and j notation. Solve vector equations to find resultant motion.,Shorter Year 11 mock week. Regular sixth-form teaching continues unless affected by staffing.
Year 13,M1 (shared with Y12 FMM1),y13_m1_013r,Michaelmas,M9A,26-30 Oct 2026,A,3,M1.3 Vectors in Mechanics,,Revision,cse,Mixed revision and exam-style practice for M1.3 Vectors in Mechanics.,
Year 13,M1 (shared with Y12 FMM1),y13_m1_013,Michaelmas,M9A,26-30 Oct 2026,A,3,M1.3 Vectors in Mechanics,★,Unit Test 3: M1.3 Vectors in Mechanics,assessment,End-of-unit assessment. Use outcomes to identify gaps and set targeted practice before the next block.,
Year 13,M1 (shared with Y12 FMM1),y13_m1_014,Michaelmas,M10B,2-6 Nov 2026,B,4,M1.4 Dynamics of a Particle Moving in a Straight Line,1/6,M1.4.1 Force Diagrams,core,Draw and label force diagrams for particles in equilibrium and motion. Interpret resultant forces and directions.; Represent forces as vectors in component form. Resolve forces into horizontal and vertical components.,Year 12 IR1 opens Mon 2 Nov. Yr 7-11 and 13 IR1 opens Tue 3 Nov.
Year 13,M1 (shared with Y12 FMM1),y13_m1_015,Michaelmas,M11A,9-13 Nov 2026,A,4,M1.4 Dynamics of a Particle Moving in a Straight Line,2/6,M1.4.2 Forces as Vectors,core,Draw and label force diagrams for particles in equilibrium and motion. Interpret resultant forces and directions.; Represent forces as vectors in component form. Resolve forces into horizontal and vertical components.,Year 12 IR1 closes Thu 12 Nov. Year 11 mock marking window.
Year 13,M1 (shared with Y12 FMM1),y13_m1_016,Michaelmas,M11A,9-13 Nov 2026,A,4,M1.4 Dynamics of a Particle Moving in a Straight Line,3/6,M1.4.3 Forces and Acceleration + M1.4.4 Motion in Two Dimensions,core,Draw and label force diagrams for particles in equilibrium and motion. Interpret resultant forces and directions.; Represent forces as vectors in component form. Resolve forces into horizontal and vertical components.,
Year 13,M1 (shared with Y12 FMM1),y13_m1_017,Michaelmas,M12B,16-20 Nov 2026,B,4,M1.4 Dynamics of a Particle Moving in a Straight Line,4/6,M1.4.5 Connected Particles,core,Draw and label force diagrams for particles in equilibrium and motion. Interpret resultant forces and directions.; Represent forces as vectors in component form. Resolve forces into horizontal and vertical components.,Yr 7-11 and 13 IR1 closes Mon 16 Nov. IR1 checking window.
Year 13,M1 (shared with Y12 FMM1),y13_m1_018,Michaelmas,M13A,23-27 Nov 2026,A,4,M1.4 Dynamics of a Particle Moving in a Straight Line,5/6,M1.4.6 Pulleys,core,Draw and label force diagrams for particles in equilibrium and motion. Interpret resultant forces and directions.; Represent forces as vectors in component form. Resolve forces into horizontal and vertical components.,Year 12 IR1 publish and Year 12 PTC Thu 26 Nov.
Year 13,M1 (shared with Y12 FMM1),y13_m1_019r,Michaelmas,M13A,23-27 Nov 2026,A,4,M1.4 Dynamics of a Particle Moving in a Straight Line,,Revision,cse,Mixed revision and exam-style practice for M1.4 Dynamics of a Particle Moving in a Straight Line.,
Year 13,M1 (shared with Y12 FMM1),y13_m1_019,Michaelmas,M13A,23-27 Nov 2026,A,4,M1.4 Dynamics of a Particle Moving in a Straight Line,★,Unit Test 4: M1.4 Dynamics of a Particle Moving in a Straight Line,assessment,End-of-unit assessment. Use outcomes to identify gaps and set targeted practice before the next block.,
Year 13,M1 (shared with Y12 FMM1),y13_m1_020,Michaelmas,M14B,30 Nov-4 Dec 2026,B,5,M1.5 Forces and Friction,1/4,M1.5.1 Resolving Forces,core,Resolve forces into perpendicular components. Apply Newton's laws to equilibrium and motion scenarios.; Model motion on smooth and rough inclined planes. Apply trigonometric resolution and equilibrium conditions.,Yr 7-11 and 13 IR1 publish Thu 3 Dec.
Year 13,M1 (shared with Y12 FMM1),y13_m1_021,Michaelmas,M15A,7-11 Dec 2026,A,5,M1.5 Forces and Friction,2/4,M1.5.2 Inclined Planes,core,Resolve forces into perpendicular components. Apply Newton's laws to equilibrium and motion scenarios.; Model motion on smooth and rough inclined planes. Apply trigonometric resolution and equilibrium conditions.,National holidays Mon 7 Dec and Thu 10 Dec. Sixth Form and IGCSE Options Fair Tue 8 Dec.
Year 13,M1 (shared with Y12 FMM1),y13_m1_022,Michaelmas,M16B,14-16 Dec 2026,B,5,M1.5 Forces and Friction,3/4,M1.5.3 Friction,core,Resolve forces into perpendicular components. Apply Newton's laws to equilibrium and motion scenarios.; Model motion on smooth and rough inclined planes. Apply trigonometric resolution and equilibrium conditions.,Final partial week of Michaelmas. No new heavy content.
Year 13,M1 (shared with Y12 FMM1),y13_m1_023r,Lent,L1A,7-8 Jan 2027,A,5,M1.5 Forces and Friction,,Revision,cse,Mixed revision and exam-style practice for M1.5 Forces and Friction.,
Year 13,M1 (shared with Y12 FMM1),y13_m1_023,Lent,L1A,7-8 Jan 2027,A,5,M1.5 Forces and Friction,★,Unit Test 5: M1.5 Forces and Friction,assessment,End-of-unit assessment. Use outcomes to identify gaps and set targeted practice before the next block.,Term restart after INSET on Wed 6 Jan. Partial week.
Year 13,M1 (shared with Y12 FMM1),y13_m1_024,Lent,L2B,11-15 Jan 2027,B,0,MOCK WEEK,★,Mock Exam,assessment,No regular teaching. Use mock outcomes for targeted reteaching from L3A.,Year 12 and Year 13 mock week. No regular teaching.
Year 13,M1 (shared with Y12 FMM1),y13_m1_025,Lent,L3A,18-22 Jan 2027,A,6,M1.6 Momentum and Impulse,1/3,M1.6.1 Momentum in One Dimension,core,Define and calculate momentum and impulse. Apply sign conventions to directional momentum problems.; Apply the principle of conservation of momentum to collisions and explosions. Interpret results within physical and algebraic constraints.,Mock review and targeted reteaching. Year 12 and 13 mock results report opens.
Year 13,M1 (shared with Y12 FMM1),y13_m1_026,Lent,L3A,18-22 Jan 2027,A,6,M1.6 Momentum and Impulse,2/3,M1.6.2 Conservation of Momentum,core,Define and calculate momentum and impulse. Apply sign conventions to directional momentum problems.; Apply the principle of conservation of momentum to collisions and explosions. Interpret results within physical and algebraic constraints.,
Year 13,M1 (shared with Y12 FMM1),y13_m1_027r,Lent,L4B,25-29 Jan 2027,B,6,M1.6 Momentum and Impulse,,Revision,cse,Mixed revision and exam-style practice for M1.6 Momentum and Impulse.,
Year 13,M1 (shared with Y12 FMM1),y13_m1_027,Lent,L4B,25-29 Jan 2027,B,6,M1.6 Momentum and Impulse,★,Unit Test 6: M1.6 Momentum and Impulse,assessment,End-of-unit assessment. Use outcomes to identify gaps and set targeted practice before the next block.,Mock marking/standardisation and report checking window.
Year 13,M1 (shared with Y12 FMM1),y13_m1_028,Lent,L5A,1-5 Feb 2027,A,7,M1.7 Statics of a Particle,1/4,M1.7.1 Static Particles,core,Apply equilibrium conditions to stationary particles. Construct and interpret balanced force diagrams.; Use vector components to test equilibrium conditions. Interpret equilibrium modelling in real contexts.,Power BI and report completion window. Use for consolidation where needed.
Year 13,M1 (shared with Y12 FMM1),y13_m1_029,Lent,L5A,1-5 Feb 2027,A,7,M1.7 Statics of a Particle,2/4,M1.7.2 Modelling with Statics,core,Apply equilibrium conditions to stationary particles. Construct and interpret balanced force diagrams.; Use vector components to test equilibrium conditions. Interpret equilibrium modelling in real contexts.,
Year 13,M1 (shared with Y12 FMM1),y13_m1_030,Lent,L6B,8-12 Feb 2027,B,7,M1.7 Statics of a Particle,3/4,M1.7.3 Friction and Static Particles,core,Apply equilibrium conditions to stationary particles. Construct and interpret balanced force diagrams.; Use vector components to test equilibrium conditions. Interpret equilibrium modelling in real contexts.,Final week before Lent half-term. Year 13 PTC Wed 10 Feb. Avoid starting a new unit.
Year 13,M1 (shared with Y12 FMM1),y13_m1_031r,Lent,L7A,22-26 Feb 2027,A,7,M1.7 Statics of a Particle,,Revision,cse,Mixed revision and exam-style practice for M1.7 Statics of a Particle.,
Year 13,M1 (shared with Y12 FMM1),y13_m1_031,Lent,L7A,22-26 Feb 2027,A,7,M1.7 Statics of a Particle,★,Unit Test 7: M1.7 Statics of a Particle,assessment,End-of-unit assessment. Use outcomes to identify gaps and set targeted practice before the next block.,Return after half-term. Year 11 mock week and Yr 7-9 Adventure Week; sixth-form teaching continues.
Year 13,M1 (shared with Y12 FMM1),y13_m1_032,Lent,L7A,22-26 Feb 2027,A,8,M1.8 Moments,1/4,M1.8.1 Moments + M1.8.2 Resultant Moments,core,Calculate moments of a force about a point. Apply the principle of moments to equilibrium problems.; Calculate resultant moments for multiple forces. Apply equilibrium conditions to composite systems.,
Year 13,M1 (shared with Y12 FMM1),y13_m1_033,Lent,L8B,1-5 Mar 2027,B,8,M1.8 Moments,2/4,M1.8.3 Equilibrium,core,Calculate moments of a force about a point. Apply the principle of moments to equilibrium problems.; Calculate resultant moments for multiple forces. Apply equilibrium conditions to composite systems.,Yr 7-10 and 12 IR3 opens. Year 11 and 13 Full Report 3 opens.
Year 13,M1 (shared with Y12 FMM1),y13_m1_034,Lent,L9A,8-12 Mar 2027,A,8,M1.8 Moments,3/4,M1.8.4 Centres of Mass + M1.8.5 Tilting,core,Calculate moments of a force about a point. Apply the principle of moments to equilibrium problems.; Calculate resultant moments for multiple forces. Apply equilibrium conditions to composite systems.,IR3 and full report checking window. Use for final content and consolidation.
Year 13,M1 (shared with Y12 FMM1),y13_m1_035r,Lent,L9A,8-12 Mar 2027,A,8,M1.8 Moments,,Revision,cse,Mixed revision and exam-style practice for M1.8 Moments.,
Year 13,M1 (shared with Y12 FMM1),y13_m1_035,Lent,L9A,8-12 Mar 2027,A,8,M1.8 Moments,★,Unit Test 8: M1.8 Moments,assessment,End-of-unit assessment. Use outcomes to identify gaps and set targeted practice before the next block.,
Year 13,M1 (shared with Y12 FMM1),y13_m1_036,Lent,L10B,15-19 Mar 2027,B,0,Cumulative review,1/1,"Cumulative review, problem-solving and targeted intervention",cse,Revisit recent unit-test errors and practise mixed exam-style questions.,Target deadline for first teaching: finish all examinable content by Fri 19 Mar.
Year 13,M1 (shared with Y12 FMM1),y13_m1_037,Lent,L11A,22-26 Mar 2027,A,0,Past papers,1/2,Timed past-paper practice and correction,cse,"Complete timed questions, self-mark against mark schemes, and correct common errors.",Protected past-paper practice week. No new first teaching.
Year 13,M1 (shared with Y12 FMM1),y13_m1_038,Lent,L11A,22-26 Mar 2027,A,0,Past papers,2/2,Timed past-paper practice and correction,cse,"Complete timed questions, self-mark against mark schemes, and correct common errors.",
Year 13,M1 (shared with Y12 FMM1),y13_m1_039,Lent,L12B,29 Mar-2 Apr 2027,B,0,Past papers,1/1,Timed past-paper practice and correction,cse,"Complete timed questions, self-mark against mark schemes, and correct common errors.",Protected past-paper practice week and end of Lent. No new first teaching.
Year 13,M1 (shared with Y12 FMM1),y13_m1_040,Summer,S1A,19-23 Apr 2027,A,0,Summer Term,,"Revision, intervention, study leave or exams",cse,No planned first teaching. Use if students are present for exam readiness.,"Summer term starts. Revision, intervention, exam practice and study leave only."
Year 13,M1 (shared with Y12 FMM1),y13_m1_041,Summer,S2B,26-30 Apr 2027,B,0,Summer Term,,"Revision, intervention, study leave or exams",cse,No planned first teaching. Use if students are present for exam readiness.,"Revision, intervention, exam practice and study leave."
Year 13,M1 (shared with Y12 FMM1),y13_m1_042,Summer,S3A,3-7 May 2027,A,0,Summer Term,,"Revision, intervention, study leave or exams",cse,No planned first teaching. Use if students are present for exam readiness.,"National holiday Tue 4 May. Revision, intervention, exam practice and study leave."
Year 13,M1 (shared with Y12 FMM1),y13_m1_043,Summer,S4B,10-14 May 2027,B,0,Summer Term,,"Revision, intervention, study leave or exams",cse,No planned first teaching. Use if students are present for exam readiness.,"Revision, intervention, exam practice and study leave."
Year 13,M1 (shared with Y12 FMM1),y13_m1_044,Summer,S5A,17-21 May 2027,A,0,Summer Term,,"Revision, intervention, study leave or exams",cse,No planned first teaching. Use if students are present for exam readiness.,"Revision, intervention, exam practice and study leave."
Year 13,M1 (shared with Y12 FMM1),y13_m1_045,Summer,S6B,24-28 May 2027,B,0,Summer Term,,"Revision, intervention, study leave or exams",cse,No planned first teaching. Use if students are present for exam readiness.,"Revision, intervention, exam practice and study leave."
Year 13,M1 (shared with Y12 FMM1),y13_m1_046,Summer,S7A,31 May-4 Jun 2027,A,0,Summer Term,,"Revision, intervention, study leave or exams",cse,No planned first teaching. Use if students are present for exam readiness.,National holidays Thu 3 and Fri 4 Jun. Exams/study leave.
Year 13,M1 (shared with Y12 FMM1),y13_m1_047,Summer,S8B,7-11 Jun 2027,B,0,Summer Term,,"Revision, intervention, study leave or exams",cse,No planned first teaching. Use if students are present for exam readiness.,Exams/study leave.
Year 13,M1 (shared with Y12 FMM1),y13_m1_048,Summer,S9A,14-18 Jun 2027,A,0,Summer Term,,"Revision, intervention, study leave or exams",cse,No planned first teaching. Use if students are present for exam readiness.,Exams/study leave.
Year 13,M1 (shared with Y12 FMM1),y13_m1_049,Summer,S10B,21-25 Jun 2027,B,0,Summer Term,,"Revision, intervention, study leave or exams",cse,No planned first teaching. Use if students are present for exam readiness.,Exams/study leave.
Year 13,M1 (shared with Y12 FMM1),y13_m1_050,Summer,S11A,28-30 Jun 2027,A,0,Summer Term,,"Revision, intervention, study leave or exams",cse,No planned first teaching. Use if students are present for exam readiness.,Final week usually off timetable. No required teaching.
Year 13 FM,FM FP1/FP2,y13_fmfp12_001,Michaelmas,M1A,24-28 Aug 2026,A,0,Start of Year,1/2,"Induction, routines, course overview and diagnostic",flex,"Set expectations, confirm calculator and folder systems, review exam-board structure and diagnose prerequisite gaps.","Induction, routines and diagnostics. Welcome day Wed 26 Aug. No formal first teaching."
Year 13 FM,FM FP1/FP2,y13_fmfp12_002,Michaelmas,M1A,24-28 Aug 2026,A,0,Start of Year,2/2,Baseline skills check and target setting,flex,"Set expectations, confirm calculator and folder systems, review exam-board structure and diagnose prerequisite gaps.",
Year 13 FM,FM FP1/FP2,y13_fmfp12_003,Michaelmas,M2B,31 Aug-4 Sep 2026,B,1,FP1.1 Complex Numbers,1/8,FP1.1.1 Imaginary and Complex Numbers,core,"Differentiatio Scaffolding: Build foundational understanding through progressive representation from algebraic to geometric forms. Model addition, subtraction, and multiplication using Argand diagrams before formalising modulus-argument relationships. Scaffold proofs of identities and modulus properties step-by-step. SEND/EAL Support Provide dual-coded Ar...","Formal teaching starts. Yr 7, 10 and 12 CAT4 testing Wed 2 Sep."
Year 13 FM,FM FP1/FP2,y13_fmfp12_004,Michaelmas,M2B,31 Aug-4 Sep 2026,B,1,FP1.1 Complex Numbers,2/8,FP1.1.2 Multiplying Complex Numbers,core,"Differentiatio Scaffolding: Build foundational understanding through progressive representation from algebraic to geometric forms. Model addition, subtraction, and multiplication using Argand diagrams before formalising modulus-argument relationships. Scaffold proofs of identities and modulus properties step-by-step. SEND/EAL Support Provide dual-coded Ar...",
Year 13 FM,FM FP1/FP2,y13_fmfp12_005,Michaelmas,M2B,31 Aug-4 Sep 2026,B,1,FP1.1 Complex Numbers,3/8,FP1.1.3 Complex Conjugation,core,"Differentiatio Scaffolding: Build foundational understanding through progressive representation from algebraic to geometric forms. Model addition, subtraction, and multiplication using Argand diagrams before formalising modulus-argument relationships. Scaffold proofs of identities and modulus properties step-by-step. SEND/EAL Support Provide dual-coded Ar...",
Year 13 FM,FM FP1/FP2,y13_fmfp12_006,Michaelmas,M2B,31 Aug-4 Sep 2026,B,1,FP1.1 Complex Numbers,4/8,FP1.1.4 Argand Diagrams + FP1.1.5 Modulus and Argument,core,"Differentiatio Scaffolding: Build foundational understanding through progressive representation from algebraic to geometric forms. Model addition, subtraction, and multiplication using Argand diagrams before formalising modulus-argument relationships. Scaffold proofs of identities and modulus properties step-by-step. SEND/EAL Support Provide dual-coded Ar...",
Year 13 FM,FM FP1/FP2,y13_fmfp12_007,Michaelmas,M2B,31 Aug-4 Sep 2026,B,1,FP1.1 Complex Numbers,5/8,FP1.1.6 Modulus-Argument Form of Complex Numbers,core,"Differentiatio Scaffolding: Build foundational understanding through progressive representation from algebraic to geometric forms. Model addition, subtraction, and multiplication using Argand diagrams before formalising modulus-argument relationships. Scaffold proofs of identities and modulus properties step-by-step. SEND/EAL Support Provide dual-coded Ar...",
Year 13 FM,FM FP1/FP2,y13_fmfp12_008,Michaelmas,M3A,7-11 Sep 2026,A,1,FP1.1 Complex Numbers,6/8,FP1.1.7 Roots of Quadratic Equations,core,"Differentiatio Scaffolding: Build foundational understanding through progressive representation from algebraic to geometric forms. Model addition, subtraction, and multiplication using Argand diagrams before formalising modulus-argument relationships. Scaffold proofs of identities and modulus properties step-by-step. SEND/EAL Support Provide dual-coded Ar...",Exeter 1. External exam review documentation due.
Year 13 FM,FM FP1/FP2,y13_fmfp12_009,Michaelmas,M3A,7-11 Sep 2026,A,1,FP1.1 Complex Numbers,7/8,FP1.1.8 Solving Cubic and Quartic Equations,core,"Differentiatio Scaffolding: Build foundational understanding through progressive representation from algebraic to geometric forms. Model addition, subtraction, and multiplication using Argand diagrams before formalising modulus-argument relationships. Scaffold proofs of identities and modulus properties step-by-step. SEND/EAL Support Provide dual-coded Ar...",
Year 13 FM,FM FP1/FP2,y13_fmfp12_010,Michaelmas,M3A,7-11 Sep 2026,A,1,FP1.1 Complex Numbers,★,Unit Test 1: FP1.1 Complex Numbers,assessment,End-of-unit assessment. Use outcomes to identify gaps and set targeted practice before the next block.,
Year 13 FM,FM FP1/FP2,y13_fmfp12_011,Michaelmas,M3A,7-11 Sep 2026,A,2,FP1.2 Roots of Quadratic Equations & FP1.3 Numerical Solutions of Equations,1/12,FP1.2.1 Roots of a Quadratic Equation,core,"Differentiation Scaffolding: Model transition from algebraic to numerical approaches, introducing iterative methods after exact algebraic solutions. Scaffold recognition of root bounds and convergence using guided diagrams and structured computation templates. SEND/EAL Support Pre-teach iterative vocabulary (converge, diverge, iteration, bound) with visua...",
Year 13 FM,FM FP1/FP2,y13_fmfp12_012,Michaelmas,M3A,7-11 Sep 2026,A,2,FP1.2 Roots of Quadratic Equations & FP1.3 Numerical Solutions of Equations,2/12,FP1.2 Roots of Quadratic Equations FP1.3 Numerical Solutions of Equations teaching and practice,core,"Differentiation Scaffolding: Model transition from algebraic to numerical approaches, introducing iterative methods after exact algebraic solutions. Scaffold recognition of root bounds and convergence using guided diagrams and structured computation templates. SEND/EAL Support Pre-teach iterative vocabulary (converge, diverge, iteration, bound) with visua...",
Year 13 FM,FM FP1/FP2,y13_fmfp12_013,Michaelmas,M3A,7-11 Sep 2026,A,2,FP1.2 Roots of Quadratic Equations & FP1.3 Numerical Solutions of Equations,3/12,FP1.2.2 Forming Quadratic Equations with New Roots,core,"Differentiation Scaffolding: Model transition from algebraic to numerical approaches, introducing iterative methods after exact algebraic solutions. Scaffold recognition of root bounds and convergence using guided diagrams and structured computation templates. SEND/EAL Support Pre-teach iterative vocabulary (converge, diverge, iteration, bound) with visua...",
Year 13 FM,FM FP1/FP2,y13_fmfp12_014,Michaelmas,M4B,14-18 Sep 2026,B,2,FP1.2 Roots of Quadratic Equations & FP1.3 Numerical Solutions of Equations,4/12,FP1.2 Roots of Quadratic Equations FP1.3 Numerical Solutions of Equations teaching and practice,core,"Differentiation Scaffolding: Model transition from algebraic to numerical approaches, introducing iterative methods after exact algebraic solutions. Scaffold recognition of root bounds and convergence using guided diagrams and structured computation templates. SEND/EAL Support Pre-teach iterative vocabulary (converge, diverge, iteration, bound) with visua...",Year 7 Tutor and Teacher PTC Wed 16 Sep.
Year 13 FM,FM FP1/FP2,y13_fmfp12_015,Michaelmas,M4B,14-18 Sep 2026,B,2,FP1.2 Roots of Quadratic Equations & FP1.3 Numerical Solutions of Equations,5/12,FP1.3.1 Locating Roots,core,"Differentiation Scaffolding: Model transition from algebraic to numerical approaches, introducing iterative methods after exact algebraic solutions. Scaffold recognition of root bounds and convergence using guided diagrams and structured computation templates. SEND/EAL Support Pre-teach iterative vocabulary (converge, diverge, iteration, bound) with visua...",
Year 13 FM,FM FP1/FP2,y13_fmfp12_016,Michaelmas,M4B,14-18 Sep 2026,B,2,FP1.2 Roots of Quadratic Equations & FP1.3 Numerical Solutions of Equations,6/12,FP1.2 Roots of Quadratic Equations FP1.3 Numerical Solutions of Equations teaching and practice,core,"Differentiation Scaffolding: Model transition from algebraic to numerical approaches, introducing iterative methods after exact algebraic solutions. Scaffold recognition of root bounds and convergence using guided diagrams and structured computation templates. SEND/EAL Support Pre-teach iterative vocabulary (converge, diverge, iteration, bound) with visua...",
Year 13 FM,FM FP1/FP2,y13_fmfp12_017,Michaelmas,M4B,14-18 Sep 2026,B,2,FP1.2 Roots of Quadratic Equations & FP1.3 Numerical Solutions of Equations,7/12,FP1.3.2 Interval Bisection,core,"Differentiation Scaffolding: Model transition from algebraic to numerical approaches, introducing iterative methods after exact algebraic solutions. Scaffold recognition of root bounds and convergence using guided diagrams and structured computation templates. SEND/EAL Support Pre-teach iterative vocabulary (converge, diverge, iteration, bound) with visua...",
Year 13 FM,FM FP1/FP2,y13_fmfp12_018,Michaelmas,M4B,14-18 Sep 2026,B,2,FP1.2 Roots of Quadratic Equations & FP1.3 Numerical Solutions of Equations,8/12,FP1.2 Roots of Quadratic Equations FP1.3 Numerical Solutions of Equations teaching and practice,core,"Differentiation Scaffolding: Model transition from algebraic to numerical approaches, introducing iterative methods after exact algebraic solutions. Scaffold recognition of root bounds and convergence using guided diagrams and structured computation templates. SEND/EAL Support Pre-teach iterative vocabulary (converge, diverge, iteration, bound) with visua...",
Year 13 FM,FM FP1/FP2,y13_fmfp12_019,Michaelmas,M5A,21-25 Sep 2026,A,2,FP1.2 Roots of Quadratic Equations & FP1.3 Numerical Solutions of Equations,9/12,FP1.3.3 Linear Interpolation,core,"Differentiation Scaffolding: Model transition from algebraic to numerical approaches, introducing iterative methods after exact algebraic solutions. Scaffold recognition of root bounds and convergence using guided diagrams and structured computation templates. SEND/EAL Support Pre-teach iterative vocabulary (converge, diverge, iteration, bound) with visua...",Yr 7-13 Interim Report 0 opens Thu 25 Sep.
Year 13 FM,FM FP1/FP2,y13_fmfp12_020,Michaelmas,M5A,21-25 Sep 2026,A,2,FP1.2 Roots of Quadratic Equations & FP1.3 Numerical Solutions of Equations,10/12,FP1.2 Roots of Quadratic Equations FP1.3 Numerical Solutions of Equations teaching and practice,core,"Differentiation Scaffolding: Model transition from algebraic to numerical approaches, introducing iterative methods after exact algebraic solutions. Scaffold recognition of root bounds and convergence using guided diagrams and structured computation templates. SEND/EAL Support Pre-teach iterative vocabulary (converge, diverge, iteration, bound) with visua...",
Year 13 FM,FM FP1/FP2,y13_fmfp12_021,Michaelmas,M5A,21-25 Sep 2026,A,2,FP1.2 Roots of Quadratic Equations & FP1.3 Numerical Solutions of Equations,11/12,FP1.3.4 The Newton-Raphson Method,core,"Differentiation Scaffolding: Model transition from algebraic to numerical approaches, introducing iterative methods after exact algebraic solutions. Scaffold recognition of root bounds and convergence using guided diagrams and structured computation templates. SEND/EAL Support Pre-teach iterative vocabulary (converge, diverge, iteration, bound) with visua...",
Year 13 FM,FM FP1/FP2,y13_fmfp12_022,Michaelmas,M5A,21-25 Sep 2026,A,2,FP1.2 Roots of Quadratic Equations & FP1.3 Numerical Solutions of Equations,★,Unit Test 2: FP1.2 Roots of Quadratic Equations FP1.3 Numerical Solutions of Equations,assessment,End-of-unit assessment. Use outcomes to identify gaps and set targeted practice before the next block.,
Year 13 FM,FM FP1/FP2,y13_fmfp12_023,Michaelmas,M5A,21-25 Sep 2026,A,3,FP1.4 Coordinate Systems,1/4,FP1.4.1 Parametric Equations,core,"Differentiation Scaffolding: Scaffold conversion between Cartesian and parametric equations with clear mapping of variable changes. Model gradient, tangent, and normal derivations step-by-step before abstraction. SEND/EAL Support Provide visual mapping templates linking coordinate systems and labelled diagrams for loci; reinforce key vocabulary (parameter...",
Year 13 FM,FM FP1/FP2,y13_fmfp12_024,Michaelmas,M5A,21-25 Sep 2026,A,3,FP1.4 Coordinate Systems,2/4,FP1.4.2 The General Equation of a Parabola,core,"Differentiation Scaffolding: Scaffold conversion between Cartesian and parametric equations with clear mapping of variable changes. Model gradient, tangent, and normal derivations step-by-step before abstraction. SEND/EAL Support Provide visual mapping templates linking coordinate systems and labelled diagrams for loci; reinforce key vocabulary (parameter...",
Year 13 FM,FM FP1/FP2,y13_fmfp12_025,Michaelmas,M6B,28 Sep-2 Oct 2026,B,3,FP1.4 Coordinate Systems,3/4,FP1.4.3 The Equation for a Rectangular Hyperbola. The Equation of the Tangent and the Equation of the Normal,core,"Differentiation Scaffolding: Scaffold conversion between Cartesian and parametric equations with clear mapping of variable changes. Model gradient, tangent, and normal derivations step-by-step before abstraction. SEND/EAL Support Provide visual mapping templates linking coordinate systems and labelled diagrams for loci; reinforce key vocabulary (parameter...",Year 12 progress check. Department SEF and DIP due.
Year 13 FM,FM FP1/FP2,y13_fmfp12_026,Michaelmas,M6B,28 Sep-2 Oct 2026,B,3,FP1.4 Coordinate Systems,★,Unit Test 3: FP1.4 Coordinate Systems,assessment,End-of-unit assessment. Use outcomes to identify gaps and set targeted practice before the next block.,
Year 13 FM,FM FP1/FP2,y13_fmfp12_027,Michaelmas,M6B,28 Sep-2 Oct 2026,B,4,FP1.5 Matrices,1/8,FP1.5.1 Introduction to Matrices,core,"Differentiation Scaffolding: Build matrix fluency using structured worked examples for addition, multiplication, and inverses. Scaffold transition from numerical to symbolic operations and clear step-by-step solution of simultaneous equations. SEND/EAL Support Provide guided practice sheets separating each matrix operation type; dual-code row/column opera...",
Year 13 FM,FM FP1/FP2,y13_fmfp12_028,Michaelmas,M6B,28 Sep-2 Oct 2026,B,4,FP1.5 Matrices,2/8,FP1.5 Matrices teaching and practice,core,"Differentiation Scaffolding: Build matrix fluency using structured worked examples for addition, multiplication, and inverses. Scaffold transition from numerical to symbolic operations and clear step-by-step solution of simultaneous equations. SEND/EAL Support Provide guided practice sheets separating each matrix operation type; dual-code row/column opera...",
Year 13 FM,FM FP1/FP2,y13_fmfp12_029,Michaelmas,M6B,28 Sep-2 Oct 2026,B,4,FP1.5 Matrices,3/8,FP1.5.2 Matrix Multiplication,core,"Differentiation Scaffolding: Build matrix fluency using structured worked examples for addition, multiplication, and inverses. Scaffold transition from numerical to symbolic operations and clear step-by-step solution of simultaneous equations. SEND/EAL Support Provide guided practice sheets separating each matrix operation type; dual-code row/column opera...",
Year 13 FM,FM FP1/FP2,y13_fmfp12_030,Michaelmas,M7A,5-9 Oct 2026,A,4,FP1.5 Matrices,4/8,FP1.5 Matrices teaching and practice,core,"Differentiation Scaffolding: Build matrix fluency using structured worked examples for addition, multiplication, and inverses. Scaffold transition from numerical to symbolic operations and clear step-by-step solution of simultaneous equations. SEND/EAL Support Provide guided practice sheets separating each matrix operation type; dual-code row/column opera...",IR0 closes Thu 8 Oct. HoD data checks. Year 10 PTC.
Year 13 FM,FM FP1/FP2,y13_fmfp12_031,Michaelmas,M7A,5-9 Oct 2026,A,4,FP1.5 Matrices,5/8,FP1.5.3 Determinants,core,"Differentiation Scaffolding: Build matrix fluency using structured worked examples for addition, multiplication, and inverses. Scaffold transition from numerical to symbolic operations and clear step-by-step solution of simultaneous equations. SEND/EAL Support Provide guided practice sheets separating each matrix operation type; dual-code row/column opera...",
Year 13 FM,FM FP1/FP2,y13_fmfp12_032,Michaelmas,M7A,5-9 Oct 2026,A,4,FP1.5 Matrices,6/8,FP1.5 Matrices teaching and practice,core,"Differentiation Scaffolding: Build matrix fluency using structured worked examples for addition, multiplication, and inverses. Scaffold transition from numerical to symbolic operations and clear step-by-step solution of simultaneous equations. SEND/EAL Support Provide guided practice sheets separating each matrix operation type; dual-code row/column opera...",
Year 13 FM,FM FP1/FP2,y13_fmfp12_033,Michaelmas,M7A,5-9 Oct 2026,A,4,FP1.5 Matrices,7/8,FP1.5.4 Inverting a 2 × 2 Matrix,core,"Differentiation Scaffolding: Build matrix fluency using structured worked examples for addition, multiplication, and inverses. Scaffold transition from numerical to symbolic operations and clear step-by-step solution of simultaneous equations. SEND/EAL Support Provide guided practice sheets separating each matrix operation type; dual-code row/column opera...",
Year 13 FM,FM FP1/FP2,y13_fmfp12_034,Michaelmas,M7A,5-9 Oct 2026,A,4,FP1.5 Matrices,★,Unit Test 4: FP1.5 Matrices,assessment,End-of-unit assessment. Use outcomes to identify gaps and set targeted practice before the next block.,
Year 13 FM,FM FP1/FP2,y13_fmfp12_035,Michaelmas,M7A,5-9 Oct 2026,A,5,FP1.6 Transformations Using Matrices & FP1.7 Series & FP1.8 Proof,1/12,FP1.6.1 Linear Transformations in Two Dimensions,core,"Differentiation Scaffolding: Model geometric transformations through matrix operations, building links to algebraic structure and invariance. Scaffold series derivations and algebraic proofs with progressive worked examples leading to independent reasoning. SEND/EAL Support Provide dual-coded diagrams showing transformation effects and annotation frames f...",
Year 13 FM,FM FP1/FP2,y13_fmfp12_036,Michaelmas,M8B,12-16 Oct 2026,B,5,FP1.6 Transformations Using Matrices & FP1.7 Series & FP1.8 Proof,2/12,FP1.6.2 Reflections and Rotations,core,"Differentiation Scaffolding: Model geometric transformations through matrix operations, building links to algebraic structure and invariance. Scaffold series derivations and algebraic proofs with progressive worked examples leading to independent reasoning. SEND/EAL Support Provide dual-coded diagrams showing transformation effects and annotation frames f...",13 Oct national holiday. Final teaching week before Michaelmas half-term. Avoid starting a new unit.
Year 13 FM,FM FP1/FP2,y13_fmfp12_037,Michaelmas,M8B,12-16 Oct 2026,B,5,FP1.6 Transformations Using Matrices & FP1.7 Series & FP1.8 Proof,3/12,FP1.6.3 Enlargements and Stretches,core,"Differentiation Scaffolding: Model geometric transformations through matrix operations, building links to algebraic structure and invariance. Scaffold series derivations and algebraic proofs with progressive worked examples leading to independent reasoning. SEND/EAL Support Provide dual-coded diagrams showing transformation effects and annotation frames f...",
Year 13 FM,FM FP1/FP2,y13_fmfp12_038,Michaelmas,M8B,12-16 Oct 2026,B,5,FP1.6 Transformations Using Matrices & FP1.7 Series & FP1.8 Proof,4/12,FP1.6.4 Successive Transformations,core,"Differentiation Scaffolding: Model geometric transformations through matrix operations, building links to algebraic structure and invariance. Scaffold series derivations and algebraic proofs with progressive worked examples leading to independent reasoning. SEND/EAL Support Provide dual-coded diagrams showing transformation effects and annotation frames f...",
Year 13 FM,FM FP1/FP2,y13_fmfp12_039,Michaelmas,M8B,12-16 Oct 2026,B,5,FP1.6 Transformations Using Matrices & FP1.7 Series & FP1.8 Proof,5/12,FP1.6.5 The Inverse of a Linear Transformation,core,"Differentiation Scaffolding: Model geometric transformations through matrix operations, building links to algebraic structure and invariance. Scaffold series derivations and algebraic proofs with progressive worked examples leading to independent reasoning. SEND/EAL Support Provide dual-coded diagrams showing transformation effects and annotation frames f...",
Year 13 FM,FM FP1/FP2,y13_fmfp12_040,Michaelmas,M8B,12-16 Oct 2026,B,5,FP1.6 Transformations Using Matrices & FP1.7 Series & FP1.8 Proof,6/12,FP1.7.1 Sums of Natural Numbers,core,"Differentiation Scaffolding: Model geometric transformations through matrix operations, building links to algebraic structure and invariance. Scaffold series derivations and algebraic proofs with progressive worked examples leading to independent reasoning. SEND/EAL Support Provide dual-coded diagrams showing transformation effects and annotation frames f...",
Year 13 FM,FM FP1/FP2,y13_fmfp12_041,Michaelmas,M9A,26-30 Oct 2026,A,5,FP1.6 Transformations Using Matrices & FP1.7 Series & FP1.8 Proof,7/12,FP1.7.2 Sums of Squares and Cubes,core,"Differentiation Scaffolding: Model geometric transformations through matrix operations, building links to algebraic structure and invariance. Scaffold series derivations and algebraic proofs with progressive worked examples leading to independent reasoning. SEND/EAL Support Provide dual-coded diagrams showing transformation effects and annotation frames f...",Shorter Year 11 mock week. Regular sixth-form teaching continues unless affected by staffing.
Year 13 FM,FM FP1/FP2,y13_fmfp12_042,Michaelmas,M9A,26-30 Oct 2026,A,5,FP1.6 Transformations Using Matrices & FP1.7 Series & FP1.8 Proof,8/12,FP1.8.1 Proof by Mathematical Induction,core,"Differentiation Scaffolding: Model geometric transformations through matrix operations, building links to algebraic structure and invariance. Scaffold series derivations and algebraic proofs with progressive worked examples leading to independent reasoning. SEND/EAL Support Provide dual-coded diagrams showing transformation effects and annotation frames f...",
Year 13 FM,FM FP1/FP2,y13_fmfp12_043,Michaelmas,M9A,26-30 Oct 2026,A,5,FP1.6 Transformations Using Matrices & FP1.7 Series & FP1.8 Proof,9/12,FP1.8.2 Proving Divisibility Results,core,"Differentiation Scaffolding: Model geometric transformations through matrix operations, building links to algebraic structure and invariance. Scaffold series derivations and algebraic proofs with progressive worked examples leading to independent reasoning. SEND/EAL Support Provide dual-coded diagrams showing transformation effects and annotation frames f...",
Year 13 FM,FM FP1/FP2,y13_fmfp12_044,Michaelmas,M9A,26-30 Oct 2026,A,5,FP1.6 Transformations Using Matrices & FP1.7 Series & FP1.8 Proof,10/12,FP1.8.3 Using Mathematical Induction to Produce a Proof for a General Term of a Recurrence Relation,core,"Differentiation Scaffolding: Model geometric transformations through matrix operations, building links to algebraic structure and invariance. Scaffold series derivations and algebraic proofs with progressive worked examples leading to independent reasoning. SEND/EAL Support Provide dual-coded diagrams showing transformation effects and annotation frames f...",
Year 13 FM,FM FP1/FP2,y13_fmfp12_045,Michaelmas,M9A,26-30 Oct 2026,A,5,FP1.6 Transformations Using Matrices & FP1.7 Series & FP1.8 Proof,11/12,FP1.8.4 Proving Statements Involving Matrices,core,"Differentiation Scaffolding: Model geometric transformations through matrix operations, building links to algebraic structure and invariance. Scaffold series derivations and algebraic proofs with progressive worked examples leading to independent reasoning. SEND/EAL Support Provide dual-coded diagrams showing transformation effects and annotation frames f...",
Year 13 FM,FM FP1/FP2,y13_fmfp12_046,Michaelmas,M9A,26-30 Oct 2026,A,5,FP1.6 Transformations Using Matrices & FP1.7 Series & FP1.8 Proof,★,Unit Test 5: FP1.6 Transformations Using Matrices FP1.7 Series FP1.8 Proof,assessment,End-of-unit assessment. Use outcomes to identify gaps and set targeted practice before the next block.,
Year 13 FM,FM FP1/FP2,y13_fmfp12_047,Michaelmas,M10B,2-6 Nov 2026,B,6,FP2.1 Inequalities & FP2.2 Series & FP2.3 Complex Numbers,1/8,FP2.1.1 Algebraic Methods,core,Differentiation Scaffolding: Model manipulation of inequalities with clear case checking and connection to function behaviour. Scaffold summation skills including sigma notation and partial sums before extending to convergence reasoning. Build complex number interpretation gradually using Argand diagrams and algebraic forms. SEND/EAL Support Provide dual-...,Year 12 IR1 opens Mon 2 Nov. Yr 7-11 and 13 IR1 opens Tue 3 Nov.
Year 13 FM,FM FP1/FP2,y13_fmfp12_048,Michaelmas,M10B,2-6 Nov 2026,B,6,FP2.1 Inequalities & FP2.2 Series & FP2.3 Complex Numbers,2/8,FP2.1 Inequalities FP2.2 Series FP2.3 Complex Numbers teaching and practice,core,Differentiation Scaffolding: Model manipulation of inequalities with clear case checking and connection to function behaviour. Scaffold summation skills including sigma notation and partial sums before extending to convergence reasoning. Build complex number interpretation gradually using Argand diagrams and algebraic forms. SEND/EAL Support Provide dual-...,
Year 13 FM,FM FP1/FP2,y13_fmfp12_049,Michaelmas,M10B,2-6 Nov 2026,B,6,FP2.1 Inequalities & FP2.2 Series & FP2.3 Complex Numbers,3/8,FP2.1.2 Using Graphs to Solve Inequalities,core,Differentiation Scaffolding: Model manipulation of inequalities with clear case checking and connection to function behaviour. Scaffold summation skills including sigma notation and partial sums before extending to convergence reasoning. Build complex number interpretation gradually using Argand diagrams and algebraic forms. SEND/EAL Support Provide dual-...,
Year 13 FM,FM FP1/FP2,y13_fmfp12_050,Michaelmas,M10B,2-6 Nov 2026,B,6,FP2.1 Inequalities & FP2.2 Series & FP2.3 Complex Numbers,4/8,FP2.1.3 Modulus Inequalities,core,Differentiation Scaffolding: Model manipulation of inequalities with clear case checking and connection to function behaviour. Scaffold summation skills including sigma notation and partial sums before extending to convergence reasoning. Build complex number interpretation gradually using Argand diagrams and algebraic forms. SEND/EAL Support Provide dual-...,
Year 13 FM,FM FP1/FP2,y13_fmfp12_051,Michaelmas,M10B,2-6 Nov 2026,B,6,FP2.1 Inequalities & FP2.2 Series & FP2.3 Complex Numbers,5/8,FP2.2.1 The Method of Differences,core,Differentiation Scaffolding: Model manipulation of inequalities with clear case checking and connection to function behaviour. Scaffold summation skills including sigma notation and partial sums before extending to convergence reasoning. Build complex number interpretation gradually using Argand diagrams and algebraic forms. SEND/EAL Support Provide dual-...,
Year 13 FM,FM FP1/FP2,y13_fmfp12_052,Michaelmas,M11A,9-13 Nov 2026,A,6,FP2.1 Inequalities & FP2.2 Series & FP2.3 Complex Numbers,6/8,FP2.1 Inequalities FP2.2 Series FP2.3 Complex Numbers teaching and practice,core,Differentiation Scaffolding: Model manipulation of inequalities with clear case checking and connection to function behaviour. Scaffold summation skills including sigma notation and partial sums before extending to convergence reasoning. Build complex number interpretation gradually using Argand diagrams and algebraic forms. SEND/EAL Support Provide dual-...,Year 12 IR1 closes Thu 12 Nov. Year 11 mock marking window.
Year 13 FM,FM FP1/FP2,y13_fmfp12_053,Michaelmas,M11A,9-13 Nov 2026,A,6,FP2.1 Inequalities & FP2.2 Series & FP2.3 Complex Numbers,7/8,FP2.3.1 Exponential Form of Complex Numbers,core,Differentiation Scaffolding: Model manipulation of inequalities with clear case checking and connection to function behaviour. Scaffold summation skills including sigma notation and partial sums before extending to convergence reasoning. Build complex number interpretation gradually using Argand diagrams and algebraic forms. SEND/EAL Support Provide dual-...,
Year 13 FM,FM FP1/FP2,y13_fmfp12_054,Michaelmas,M11A,9-13 Nov 2026,A,6,FP2.1 Inequalities & FP2.2 Series & FP2.3 Complex Numbers,★,Unit Test 6: FP2.1 Inequalities FP2.2 Series FP2.3 Complex Numbers,assessment,End-of-unit assessment. Use outcomes to identify gaps and set targeted practice before the next block.,
Year 13 FM,FM FP1/FP2,y13_fmfp12_055,Michaelmas,M11A,9-13 Nov 2026,A,7,FP2.3 Complex Numbers,1/8,FP2.3.2 Multiplying and Dividing Complex Numbers,core,"Teach, practise and apply the listed specification content.",
Year 13 FM,FM FP1/FP2,y13_fmfp12_056,Michaelmas,M11A,9-13 Nov 2026,A,7,FP2.3 Complex Numbers,2/8,FP2.3 Complex Numbers teaching and practice,core,"Teach, practise and apply the listed specification content.",
Year 13 FM,FM FP1/FP2,y13_fmfp12_057,Michaelmas,M11A,9-13 Nov 2026,A,7,FP2.3 Complex Numbers,3/8,FP2.3.3 De Moivre’s Theorem,core,"Teach, practise and apply the listed specification content.",
Year 13 FM,FM FP1/FP2,y13_fmfp12_058,Michaelmas,M12B,16-20 Nov 2026,B,7,FP2.3 Complex Numbers,4/8,FP2.3 Complex Numbers teaching and practice,core,"Teach, practise and apply the listed specification content.",Yr 7-11 and 13 IR1 closes Mon 16 Nov. IR1 checking window.
Year 13 FM,FM FP1/FP2,y13_fmfp12_059,Michaelmas,M12B,16-20 Nov 2026,B,7,FP2.3 Complex Numbers,5/8,FP2.3.4 Trigonometric Identities,core,"Teach, practise and apply the listed specification content.",
Year 13 FM,FM FP1/FP2,y13_fmfp12_060,Michaelmas,M12B,16-20 Nov 2026,B,7,FP2.3 Complex Numbers,6/8,FP2.3 Complex Numbers teaching and practice,core,"Teach, practise and apply the listed specification content.",
Year 13 FM,FM FP1/FP2,y13_fmfp12_061,Michaelmas,M12B,16-20 Nov 2026,B,7,FP2.3 Complex Numbers,7/8,FP2.3.5 nth Roots of a Complex Number,core,"Teach, practise and apply the listed specification content.",
Year 13 FM,FM FP1/FP2,y13_fmfp12_062,Michaelmas,M12B,16-20 Nov 2026,B,7,FP2.3 Complex Numbers,★,Unit Test 7: FP2.3 Complex Numbers,assessment,End-of-unit assessment. Use outcomes to identify gaps and set targeted practice before the next block.,
Year 13 FM,FM FP1/FP2,y13_fmfp12_063,Michaelmas,M13A,23-27 Nov 2026,A,8,FP2.4 Further Argand Diagrams,1/8,FP2.4.1 Loci in an Argand Diagram,core,Differentiation Scaffolding: Build interpretation of loci in the complex plane using structured worked examples linking algebra to geometry. Model steps for locus construction and region description with clear diagrams. SEND/EAL Support Provide dual-coded Argand diagrams and annotation prompts with sentence frames for region descriptions. Stretch & Challe...,Year 12 IR1 publish and Year 12 PTC Thu 26 Nov.
Year 13 FM,FM FP1/FP2,y13_fmfp12_064,Michaelmas,M13A,23-27 Nov 2026,A,8,FP2.4 Further Argand Diagrams,2/8,FP2.4 Further Argand Diagrams teaching and practice,core,Differentiation Scaffolding: Build interpretation of loci in the complex plane using structured worked examples linking algebra to geometry. Model steps for locus construction and region description with clear diagrams. SEND/EAL Support Provide dual-coded Argand diagrams and annotation prompts with sentence frames for region descriptions. Stretch & Challe...,
Year 13 FM,FM FP1/FP2,y13_fmfp12_065,Michaelmas,M13A,23-27 Nov 2026,A,8,FP2.4 Further Argand Diagrams,3/8,FP2.4.2 Further Loci in an Argand Diagram,core,Differentiation Scaffolding: Build interpretation of loci in the complex plane using structured worked examples linking algebra to geometry. Model steps for locus construction and region description with clear diagrams. SEND/EAL Support Provide dual-coded Argand diagrams and annotation prompts with sentence frames for region descriptions. Stretch & Challe...,
Year 13 FM,FM FP1/FP2,y13_fmfp12_066,Michaelmas,M13A,23-27 Nov 2026,A,8,FP2.4 Further Argand Diagrams,4/8,FP2.4.3 Regions in an Argand Diagram,core,Differentiation Scaffolding: Build interpretation of loci in the complex plane using structured worked examples linking algebra to geometry. Model steps for locus construction and region description with clear diagrams. SEND/EAL Support Provide dual-coded Argand diagrams and annotation prompts with sentence frames for region descriptions. Stretch & Challe...,
Year 13 FM,FM FP1/FP2,y13_fmfp12_067,Michaelmas,M13A,23-27 Nov 2026,A,8,FP2.4 Further Argand Diagrams,5/8,FP2.4.4 Further Regions in an Argand Diagram,core,Differentiation Scaffolding: Build interpretation of loci in the complex plane using structured worked examples linking algebra to geometry. Model steps for locus construction and region description with clear diagrams. SEND/EAL Support Provide dual-coded Argand diagrams and annotation prompts with sentence frames for region descriptions. Stretch & Challe...,
Year 13 FM,FM FP1/FP2,y13_fmfp12_068,Michaelmas,M13A,23-27 Nov 2026,A,8,FP2.4 Further Argand Diagrams,6/8,FP2.4 Further Argand Diagrams teaching and practice,core,Differentiation Scaffolding: Build interpretation of loci in the complex plane using structured worked examples linking algebra to geometry. Model steps for locus construction and region description with clear diagrams. SEND/EAL Support Provide dual-coded Argand diagrams and annotation prompts with sentence frames for region descriptions. Stretch & Challe...,
Year 13 FM,FM FP1/FP2,y13_fmfp12_069,Michaelmas,M14B,30 Nov-4 Dec 2026,B,8,FP2.4 Further Argand Diagrams,7/8,FP2.4.5 Transformations of the Complex Plane,core,Differentiation Scaffolding: Build interpretation of loci in the complex plane using structured worked examples linking algebra to geometry. Model steps for locus construction and region description with clear diagrams. SEND/EAL Support Provide dual-coded Argand diagrams and annotation prompts with sentence frames for region descriptions. Stretch & Challe...,Yr 7-11 and 13 IR1 publish Thu 3 Dec.
Year 13 FM,FM FP1/FP2,y13_fmfp12_070,Michaelmas,M14B,30 Nov-4 Dec 2026,B,8,FP2.4 Further Argand Diagrams,★,Unit Test 8: FP2.4 Further Argand Diagrams,assessment,End-of-unit assessment. Use outcomes to identify gaps and set targeted practice before the next block.,
Year 13 FM,FM FP1/FP2,y13_fmfp12_071,Michaelmas,M14B,30 Nov-4 Dec 2026,B,9,FP2.5 First-Order Differential Equations,1/8,FP2.5 First-Order Differential Equations teaching and practice,core,Differentiation Scaffolding: Scaffold separation of variables using clear mapping between algebraic rearrangement and integration. Model solution interpretation in context and link to slope fields conceptually. SEND/EAL Support Provide fill-in rearrangement templates and dual-coded reminders for solver notation. Stretch & Challenge Include modelling conte...,
Year 13 FM,FM FP1/FP2,y13_fmfp12_072,Michaelmas,M14B,30 Nov-4 Dec 2026,B,9,FP2.5 First-Order Differential Equations,2/8,FP2.5.1 Solving First-Order Differential Equations with Separable Variables,core,Differentiation Scaffolding: Scaffold separation of variables using clear mapping between algebraic rearrangement and integration. Model solution interpretation in context and link to slope fields conceptually. SEND/EAL Support Provide fill-in rearrangement templates and dual-coded reminders for solver notation. Stretch & Challenge Include modelling conte...,
Year 13 FM,FM FP1/FP2,y13_fmfp12_073,Michaelmas,M14B,30 Nov-4 Dec 2026,B,9,FP2.5 First-Order Differential Equations,3/8,FP2.5 First-Order Differential Equations teaching and practice,core,Differentiation Scaffolding: Scaffold separation of variables using clear mapping between algebraic rearrangement and integration. Model solution interpretation in context and link to slope fields conceptually. SEND/EAL Support Provide fill-in rearrangement templates and dual-coded reminders for solver notation. Stretch & Challenge Include modelling conte...,
Year 13 FM,FM FP1/FP2,y13_fmfp12_074,Michaelmas,M15A,7-11 Dec 2026,A,9,FP2.5 First-Order Differential Equations,4/8,FP2.5.2 First-Order Linear Differential Equations of the Form dy/dx + Py = Q Where P and Q are Functions of x,core,Differentiation Scaffolding: Scaffold separation of variables using clear mapping between algebraic rearrangement and integration. Model solution interpretation in context and link to slope fields conceptually. SEND/EAL Support Provide fill-in rearrangement templates and dual-coded reminders for solver notation. Stretch & Challenge Include modelling conte...,National holidays Mon 7 Dec and Thu 10 Dec. Sixth Form and IGCSE Options Fair Tue 8 Dec.
Year 13 FM,FM FP1/FP2,y13_fmfp12_075,Michaelmas,M15A,7-11 Dec 2026,A,9,FP2.5 First-Order Differential Equations,5/8,FP2.5 First-Order Differential Equations teaching and practice,core,Differentiation Scaffolding: Scaffold separation of variables using clear mapping between algebraic rearrangement and integration. Model solution interpretation in context and link to slope fields conceptually. SEND/EAL Support Provide fill-in rearrangement templates and dual-coded reminders for solver notation. Stretch & Challenge Include modelling conte...,
Year 13 FM,FM FP1/FP2,y13_fmfp12_076,Michaelmas,M15A,7-11 Dec 2026,A,9,FP2.5 First-Order Differential Equations,6/8,FP2.5.3 Reducible First-Order Differential Equations,core,Differentiation Scaffolding: Scaffold separation of variables using clear mapping between algebraic rearrangement and integration. Model solution interpretation in context and link to slope fields conceptually. SEND/EAL Support Provide fill-in rearrangement templates and dual-coded reminders for solver notation. Stretch & Challenge Include modelling conte...,
Year 13 FM,FM FP1/FP2,y13_fmfp12_077,Michaelmas,M16B,14-16 Dec 2026,B,9,FP2.5 First-Order Differential Equations,7/8,FP2.5 First-Order Differential Equations teaching and practice,core,Differentiation Scaffolding: Scaffold separation of variables using clear mapping between algebraic rearrangement and integration. Model solution interpretation in context and link to slope fields conceptually. SEND/EAL Support Provide fill-in rearrangement templates and dual-coded reminders for solver notation. Stretch & Challenge Include modelling conte...,Final partial week of Michaelmas. No new heavy content.
Year 13 FM,FM FP1/FP2,y13_fmfp12_078,Michaelmas,M16B,14-16 Dec 2026,B,9,FP2.5 First-Order Differential Equations,★,Unit Test 9: FP2.5 First-Order Differential Equations,assessment,End-of-unit assessment. Use outcomes to identify gaps and set targeted practice before the next block.,
Year 13 FM,FM FP1/FP2,y13_fmfp12_079,Michaelmas,M16B,14-16 Dec 2026,B,0,Cumulative review,3/3,Pre-break consolidation and retrieval practice,cse,Use mixed questions from the previous unit. Do not start the next unit before the break.,
Year 13 FM,FM FP1/FP2,y13_fmfp12_080,Lent,L1A,7-8 Jan 2027,A,10,FP2.6 Second-Order Differential Equations & FP2.7 Maclaurin and Taylor Series,1/16,FP2.6.1 Second-Order Homogeneous Differential Equations,core,Differentiation Scaffolding: Build solution structure understanding using characteristic equations step-by-step before more complex combinations. Scaffold derivation of series terms linking derivatives to general term structure gradually. SEND/EAL Support Provide dual-coded format reminders for complementary solutions and structured term-building template...,Term restart after INSET on Wed 6 Jan. Partial week.
Year 13 FM,FM FP1/FP2,y13_fmfp12_081,Lent,L1A,7-8 Jan 2027,A,10,FP2.6 Second-Order Differential Equations & FP2.7 Maclaurin and Taylor Series,2/16,FP2.6 Second-Order Differential Equations FP2.7 Maclaurin and Taylor Series teaching and practice,core,Differentiation Scaffolding: Build solution structure understanding using characteristic equations step-by-step before more complex combinations. Scaffold derivation of series terms linking derivatives to general term structure gradually. SEND/EAL Support Provide dual-coded format reminders for complementary solutions and structured term-building template...,
Year 13 FM,FM FP1/FP2,y13_fmfp12_082,Lent,L2B,11-15 Jan 2027,B,0,MOCK WEEK,★,Mock Exam,assessment,No regular teaching. Use mock outcomes for targeted reteaching from L3A.,Year 12 and Year 13 mock week. No regular teaching.
Year 13 FM,FM FP1/FP2,y13_fmfp12_083,Lent,L3A,18-22 Jan 2027,A,10,FP2.6 Second-Order Differential Equations & FP2.7 Maclaurin and Taylor Series,3/16,FP2.6.2 Second-Order Non-Homogeneous Differential Equations,core,Differentiation Scaffolding: Build solution structure understanding using characteristic equations step-by-step before more complex combinations. Scaffold derivation of series terms linking derivatives to general term structure gradually. SEND/EAL Support Provide dual-coded format reminders for complementary solutions and structured term-building template...,Mock review and targeted reteaching. Year 12 and 13 mock results report opens.
Year 13 FM,FM FP1/FP2,y13_fmfp12_084,Lent,L3A,18-22 Jan 2027,A,10,FP2.6 Second-Order Differential Equations & FP2.7 Maclaurin and Taylor Series,4/16,FP2.6 Second-Order Differential Equations FP2.7 Maclaurin and Taylor Series teaching and practice,core,Differentiation Scaffolding: Build solution structure understanding using characteristic equations step-by-step before more complex combinations. Scaffold derivation of series terms linking derivatives to general term structure gradually. SEND/EAL Support Provide dual-coded format reminders for complementary solutions and structured term-building template...,
Year 13 FM,FM FP1/FP2,y13_fmfp12_085,Lent,L3A,18-22 Jan 2027,A,10,FP2.6 Second-Order Differential Equations & FP2.7 Maclaurin and Taylor Series,5/16,FP2.6.3 Using Boundary Conditions,core,Differentiation Scaffolding: Build solution structure understanding using characteristic equations step-by-step before more complex combinations. Scaffold derivation of series terms linking derivatives to general term structure gradually. SEND/EAL Support Provide dual-coded format reminders for complementary solutions and structured term-building template...,
Year 13 FM,FM FP1/FP2,y13_fmfp12_086,Lent,L3A,18-22 Jan 2027,A,10,FP2.6 Second-Order Differential Equations & FP2.7 Maclaurin and Taylor Series,6/16,FP2.6.4 Reducible Second-Order Differential Equations,core,Differentiation Scaffolding: Build solution structure understanding using characteristic equations step-by-step before more complex combinations. Scaffold derivation of series terms linking derivatives to general term structure gradually. SEND/EAL Support Provide dual-coded format reminders for complementary solutions and structured term-building template...,
Year 13 FM,FM FP1/FP2,y13_fmfp12_087,Lent,L3A,18-22 Jan 2027,A,10,FP2.6 Second-Order Differential Equations & FP2.7 Maclaurin and Taylor Series,7/16,FP2.6 Second-Order Differential Equations FP2.7 Maclaurin and Taylor Series teaching and practice,core,Differentiation Scaffolding: Build solution structure understanding using characteristic equations step-by-step before more complex combinations. Scaffold derivation of series terms linking derivatives to general term structure gradually. SEND/EAL Support Provide dual-coded format reminders for complementary solutions and structured term-building template...,
Year 13 FM,FM FP1/FP2,y13_fmfp12_088,Lent,L3A,18-22 Jan 2027,A,10,FP2.6 Second-Order Differential Equations & FP2.7 Maclaurin and Taylor Series,8/16,FP2.7.1 Higher Derivatives,core,Differentiation Scaffolding: Build solution structure understanding using characteristic equations step-by-step before more complex combinations. Scaffold derivation of series terms linking derivatives to general term structure gradually. SEND/EAL Support Provide dual-coded format reminders for complementary solutions and structured term-building template...,
Year 13 FM,FM FP1/FP2,y13_fmfp12_089,Lent,L4B,25-29 Jan 2027,B,10,FP2.6 Second-Order Differential Equations & FP2.7 Maclaurin and Taylor Series,9/16,FP2.6 Second-Order Differential Equations FP2.7 Maclaurin and Taylor Series teaching and practice,core,Differentiation Scaffolding: Build solution structure understanding using characteristic equations step-by-step before more complex combinations. Scaffold derivation of series terms linking derivatives to general term structure gradually. SEND/EAL Support Provide dual-coded format reminders for complementary solutions and structured term-building template...,Mock marking/standardisation and report checking window.
Year 13 FM,FM FP1/FP2,y13_fmfp12_090,Lent,L4B,25-29 Jan 2027,B,10,FP2.6 Second-Order Differential Equations & FP2.7 Maclaurin and Taylor Series,10/16,FP2.7.2 Maclaurin Series,core,Differentiation Scaffolding: Build solution structure understanding using characteristic equations step-by-step before more complex combinations. Scaffold derivation of series terms linking derivatives to general term structure gradually. SEND/EAL Support Provide dual-coded format reminders for complementary solutions and structured term-building template...,
Year 13 FM,FM FP1/FP2,y13_fmfp12_091,Lent,L4B,25-29 Jan 2027,B,10,FP2.6 Second-Order Differential Equations & FP2.7 Maclaurin and Taylor Series,11/16,FP2.7.3 Series Expansions of Compound Functions,core,Differentiation Scaffolding: Build solution structure understanding using characteristic equations step-by-step before more complex combinations. Scaffold derivation of series terms linking derivatives to general term structure gradually. SEND/EAL Support Provide dual-coded format reminders for complementary solutions and structured term-building template...,
Year 13 FM,FM FP1/FP2,y13_fmfp12_092,Lent,L4B,25-29 Jan 2027,B,10,FP2.6 Second-Order Differential Equations & FP2.7 Maclaurin and Taylor Series,12/16,FP2.6 Second-Order Differential Equations FP2.7 Maclaurin and Taylor Series teaching and practice,core,Differentiation Scaffolding: Build solution structure understanding using characteristic equations step-by-step before more complex combinations. Scaffold derivation of series terms linking derivatives to general term structure gradually. SEND/EAL Support Provide dual-coded format reminders for complementary solutions and structured term-building template...,
Year 13 FM,FM FP1/FP2,y13_fmfp12_093,Lent,L4B,25-29 Jan 2027,B,10,FP2.6 Second-Order Differential Equations & FP2.7 Maclaurin and Taylor Series,13/16,FP2.7.4 Taylor Series,core,Differentiation Scaffolding: Build solution structure understanding using characteristic equations step-by-step before more complex combinations. Scaffold derivation of series terms linking derivatives to general term structure gradually. SEND/EAL Support Provide dual-coded format reminders for complementary solutions and structured term-building template...,
Year 13 FM,FM FP1/FP2,y13_fmfp12_094,Lent,L5A,1-5 Feb 2027,A,10,FP2.6 Second-Order Differential Equations & FP2.7 Maclaurin and Taylor Series,14/16,FP2.6 Second-Order Differential Equations FP2.7 Maclaurin and Taylor Series teaching and practice,core,Differentiation Scaffolding: Build solution structure understanding using characteristic equations step-by-step before more complex combinations. Scaffold derivation of series terms linking derivatives to general term structure gradually. SEND/EAL Support Provide dual-coded format reminders for complementary solutions and structured term-building template...,Power BI and report completion window. Use for consolidation where needed.
Year 13 FM,FM FP1/FP2,y13_fmfp12_095,Lent,L5A,1-5 Feb 2027,A,10,FP2.6 Second-Order Differential Equations & FP2.7 Maclaurin and Taylor Series,15/16,FP2.7.5 Series Solutions of Differential Equations,core,Differentiation Scaffolding: Build solution structure understanding using characteristic equations step-by-step before more complex combinations. Scaffold derivation of series terms linking derivatives to general term structure gradually. SEND/EAL Support Provide dual-coded format reminders for complementary solutions and structured term-building template...,
Year 13 FM,FM FP1/FP2,y13_fmfp12_096,Lent,L5A,1-5 Feb 2027,A,10,FP2.6 Second-Order Differential Equations & FP2.7 Maclaurin and Taylor Series,★,Unit Test 10: FP2.6 Second-Order Differential Equations FP2.7 Maclaurin and Taylor Series,assessment,End-of-unit assessment. Use outcomes to identify gaps and set targeted practice before the next block.,
Year 13 FM,FM FP1/FP2,y13_fmfp12_097,Lent,L5A,1-5 Feb 2027,A,11,FP2.8 Polar Coordinates,1/8,FP2.8.1 Polar Coordinates and Equations,core,"Differentiation Scaffolding: Model polar-Cartesian conversion using guided annotation and dynamic diagrams. Build interpretation of curve behaviour by mapping function features (symmetry, maxima) to angle relationships. SEND/EAL Support Provide dual-coded polar grids, structured substitution templates, and sentence scaffolds for curve description. Stretch...",
Year 13 FM,FM FP1/FP2,y13_fmfp12_098,Lent,L5A,1-5 Feb 2027,A,11,FP2.8 Polar Coordinates,2/8,FP2.8 Polar Coordinates teaching and practice,core,"Differentiation Scaffolding: Model polar-Cartesian conversion using guided annotation and dynamic diagrams. Build interpretation of curve behaviour by mapping function features (symmetry, maxima) to angle relationships. SEND/EAL Support Provide dual-coded polar grids, structured substitution templates, and sentence scaffolds for curve description. Stretch...",
Year 13 FM,FM FP1/FP2,y13_fmfp12_099,Lent,L5A,1-5 Feb 2027,A,11,FP2.8 Polar Coordinates,3/8,FP2.8.2 Sketching Curves,core,"Differentiation Scaffolding: Model polar-Cartesian conversion using guided annotation and dynamic diagrams. Build interpretation of curve behaviour by mapping function features (symmetry, maxima) to angle relationships. SEND/EAL Support Provide dual-coded polar grids, structured substitution templates, and sentence scaffolds for curve description. Stretch...",
Year 13 FM,FM FP1/FP2,y13_fmfp12_100,Lent,L6B,8-12 Feb 2027,B,11,FP2.8 Polar Coordinates,4/8,FP2.8 Polar Coordinates teaching and practice,core,"Differentiation Scaffolding: Model polar-Cartesian conversion using guided annotation and dynamic diagrams. Build interpretation of curve behaviour by mapping function features (symmetry, maxima) to angle relationships. SEND/EAL Support Provide dual-coded polar grids, structured substitution templates, and sentence scaffolds for curve description. Stretch...",Final week before Lent half-term. Year 13 PTC Wed 10 Feb. Avoid starting a new unit.
Year 13 FM,FM FP1/FP2,y13_fmfp12_101,Lent,L6B,8-12 Feb 2027,B,11,FP2.8 Polar Coordinates,5/8,FP2.8.3 Area Enclosed by a Polar Curve,core,"Differentiation Scaffolding: Model polar-Cartesian conversion using guided annotation and dynamic diagrams. Build interpretation of curve behaviour by mapping function features (symmetry, maxima) to angle relationships. SEND/EAL Support Provide dual-coded polar grids, structured substitution templates, and sentence scaffolds for curve description. Stretch...",
Year 13 FM,FM FP1/FP2,y13_fmfp12_102,Lent,L6B,8-12 Feb 2027,B,11,FP2.8 Polar Coordinates,6/8,FP2.8 Polar Coordinates teaching and practice,core,"Differentiation Scaffolding: Model polar-Cartesian conversion using guided annotation and dynamic diagrams. Build interpretation of curve behaviour by mapping function features (symmetry, maxima) to angle relationships. SEND/EAL Support Provide dual-coded polar grids, structured substitution templates, and sentence scaffolds for curve description. Stretch...",
Year 13 FM,FM FP1/FP2,y13_fmfp12_103,Lent,L6B,8-12 Feb 2027,B,11,FP2.8 Polar Coordinates,7/8,FP2.8.4 Tangents to Polar Curves,core,"Differentiation Scaffolding: Model polar-Cartesian conversion using guided annotation and dynamic diagrams. Build interpretation of curve behaviour by mapping function features (symmetry, maxima) to angle relationships. SEND/EAL Support Provide dual-coded polar grids, structured substitution templates, and sentence scaffolds for curve description. Stretch...",
Year 13 FM,FM FP1/FP2,y13_fmfp12_104,Lent,L6B,8-12 Feb 2027,B,11,FP2.8 Polar Coordinates,★,Unit Test 11: FP2.8 Polar Coordinates,assessment,End-of-unit assessment. Use outcomes to identify gaps and set targeted practice before the next block.,
Year 13 FM,FM FP1/FP2,y13_fmfp12_105,Lent,L7A,22-26 Feb 2027,A,0,Cumulative review,1/6,"Cumulative review, problem-solving and targeted intervention",cse,Revisit recent unit-test errors and practise mixed exam-style questions.,Return after half-term. Year 11 mock week and Yr 7-9 Adventure Week; sixth-form teaching continues.
Year 13 FM,FM FP1/FP2,y13_fmfp12_106,Lent,L7A,22-26 Feb 2027,A,0,Cumulative review,2/6,"Cumulative review, problem-solving and targeted intervention",cse,Revisit recent unit-test errors and practise mixed exam-style questions.,
Year 13 FM,FM FP1/FP2,y13_fmfp12_107,Lent,L7A,22-26 Feb 2027,A,0,Cumulative review,3/6,"Cumulative review, problem-solving and targeted intervention",cse,Revisit recent unit-test errors and practise mixed exam-style questions.,
Year 13 FM,FM FP1/FP2,y13_fmfp12_108,Lent,L7A,22-26 Feb 2027,A,0,Cumulative review,4/6,"Cumulative review, problem-solving and targeted intervention",cse,Revisit recent unit-test errors and practise mixed exam-style questions.,
Year 13 FM,FM FP1/FP2,y13_fmfp12_109,Lent,L7A,22-26 Feb 2027,A,0,Cumulative review,5/6,"Cumulative review, problem-solving and targeted intervention",cse,Revisit recent unit-test errors and practise mixed exam-style questions.,
Year 13 FM,FM FP1/FP2,y13_fmfp12_110,Lent,L7A,22-26 Feb 2027,A,0,Cumulative review,6/6,"Cumulative review, problem-solving and targeted intervention",cse,Revisit recent unit-test errors and practise mixed exam-style questions.,
Year 13 FM,FM FP1/FP2,y13_fmfp12_111,Lent,L8B,1-5 Mar 2027,B,0,Cumulative review,1/5,"Cumulative review, problem-solving and targeted intervention",cse,Revisit recent unit-test errors and practise mixed exam-style questions.,Yr 7-10 and 12 IR3 opens. Year 11 and 13 Full Report 3 opens.
Year 13 FM,FM FP1/FP2,y13_fmfp12_112,Lent,L8B,1-5 Mar 2027,B,0,Cumulative review,2/5,"Cumulative review, problem-solving and targeted intervention",cse,Revisit recent unit-test errors and practise mixed exam-style questions.,
Year 13 FM,FM FP1/FP2,y13_fmfp12_113,Lent,L8B,1-5 Mar 2027,B,0,Cumulative review,3/5,"Cumulative review, problem-solving and targeted intervention",cse,Revisit recent unit-test errors and practise mixed exam-style questions.,
Year 13 FM,FM FP1/FP2,y13_fmfp12_114,Lent,L8B,1-5 Mar 2027,B,0,Cumulative review,4/5,"Cumulative review, problem-solving and targeted intervention",cse,Revisit recent unit-test errors and practise mixed exam-style questions.,
Year 13 FM,FM FP1/FP2,y13_fmfp12_115,Lent,L8B,1-5 Mar 2027,B,0,Cumulative review,5/5,"Cumulative review, problem-solving and targeted intervention",cse,Revisit recent unit-test errors and practise mixed exam-style questions.,
Year 13 FM,FM FP1/FP2,y13_fmfp12_116,Lent,L9A,8-12 Mar 2027,A,0,Cumulative review,1/6,"Cumulative review, problem-solving and targeted intervention",cse,Revisit recent unit-test errors and practise mixed exam-style questions.,IR3 and full report checking window. Use for final content and consolidation.
Year 13 FM,FM FP1/FP2,y13_fmfp12_117,Lent,L9A,8-12 Mar 2027,A,0,Cumulative review,2/6,"Cumulative review, problem-solving and targeted intervention",cse,Revisit recent unit-test errors and practise mixed exam-style questions.,
Year 13 FM,FM FP1/FP2,y13_fmfp12_118,Lent,L9A,8-12 Mar 2027,A,0,Cumulative review,3/6,"Cumulative review, problem-solving and targeted intervention",cse,Revisit recent unit-test errors and practise mixed exam-style questions.,
Year 13 FM,FM FP1/FP2,y13_fmfp12_119,Lent,L9A,8-12 Mar 2027,A,0,Cumulative review,4/6,"Cumulative review, problem-solving and targeted intervention",cse,Revisit recent unit-test errors and practise mixed exam-style questions.,
Year 13 FM,FM FP1/FP2,y13_fmfp12_120,Lent,L9A,8-12 Mar 2027,A,0,Cumulative review,5/6,"Cumulative review, problem-solving and targeted intervention",cse,Revisit recent unit-test errors and practise mixed exam-style questions.,
Year 13 FM,FM FP1/FP2,y13_fmfp12_121,Lent,L9A,8-12 Mar 2027,A,0,Cumulative review,6/6,"Cumulative review, problem-solving and targeted intervention",cse,Revisit recent unit-test errors and practise mixed exam-style questions.,
Year 13 FM,FM FP1/FP2,y13_fmfp12_122,Lent,L10B,15-19 Mar 2027,B,0,Cumulative review,1/5,"Cumulative review, problem-solving and targeted intervention",cse,Revisit recent unit-test errors and practise mixed exam-style questions.,Target deadline for first teaching: finish all examinable content by Fri 19 Mar.
Year 13 FM,FM FP1/FP2,y13_fmfp12_123,Lent,L10B,15-19 Mar 2027,B,0,Cumulative review,2/5,"Cumulative review, problem-solving and targeted intervention",cse,Revisit recent unit-test errors and practise mixed exam-style questions.,
Year 13 FM,FM FP1/FP2,y13_fmfp12_124,Lent,L10B,15-19 Mar 2027,B,0,Cumulative review,3/5,"Cumulative review, problem-solving and targeted intervention",cse,Revisit recent unit-test errors and practise mixed exam-style questions.,
Year 13 FM,FM FP1/FP2,y13_fmfp12_125,Lent,L10B,15-19 Mar 2027,B,0,Cumulative review,4/5,"Cumulative review, problem-solving and targeted intervention",cse,Revisit recent unit-test errors and practise mixed exam-style questions.,
Year 13 FM,FM FP1/FP2,y13_fmfp12_126,Lent,L10B,15-19 Mar 2027,B,0,Cumulative review,5/5,"Cumulative review, problem-solving and targeted intervention",cse,Revisit recent unit-test errors and practise mixed exam-style questions.,
Year 13 FM,FM FP1/FP2,y13_fmfp12_127,Lent,L11A,22-26 Mar 2027,A,0,Past papers,1/6,Timed past-paper practice and correction,cse,"Complete timed questions, self-mark against mark schemes, and correct common errors.",Protected past-paper practice week. No new first teaching.
Year 13 FM,FM FP1/FP2,y13_fmfp12_128,Lent,L11A,22-26 Mar 2027,A,0,Past papers,2/6,Timed past-paper practice and correction,cse,"Complete timed questions, self-mark against mark schemes, and correct common errors.",
Year 13 FM,FM FP1/FP2,y13_fmfp12_129,Lent,L11A,22-26 Mar 2027,A,0,Past papers,3/6,Timed past-paper practice and correction,cse,"Complete timed questions, self-mark against mark schemes, and correct common errors.",
Year 13 FM,FM FP1/FP2,y13_fmfp12_130,Lent,L11A,22-26 Mar 2027,A,0,Past papers,4/6,Timed past-paper practice and correction,cse,"Complete timed questions, self-mark against mark schemes, and correct common errors.",
Year 13 FM,FM FP1/FP2,y13_fmfp12_131,Lent,L11A,22-26 Mar 2027,A,0,Past papers,5/6,Timed past-paper practice and correction,cse,"Complete timed questions, self-mark against mark schemes, and correct common errors.",
Year 13 FM,FM FP1/FP2,y13_fmfp12_132,Lent,L11A,22-26 Mar 2027,A,0,Past papers,6/6,Timed past-paper practice and correction,cse,"Complete timed questions, self-mark against mark schemes, and correct common errors.",
Year 13 FM,FM FP1/FP2,y13_fmfp12_133,Lent,L12B,29 Mar-2 Apr 2027,B,0,Past papers,1/5,Timed past-paper practice and correction,cse,"Complete timed questions, self-mark against mark schemes, and correct common errors.",Protected past-paper practice week and end of Lent. No new first teaching.
Year 13 FM,FM FP1/FP2,y13_fmfp12_134,Lent,L12B,29 Mar-2 Apr 2027,B,0,Past papers,2/5,Timed past-paper practice and correction,cse,"Complete timed questions, self-mark against mark schemes, and correct common errors.",
Year 13 FM,FM FP1/FP2,y13_fmfp12_135,Lent,L12B,29 Mar-2 Apr 2027,B,0,Past papers,3/5,Timed past-paper practice and correction,cse,"Complete timed questions, self-mark against mark schemes, and correct common errors.",
Year 13 FM,FM FP1/FP2,y13_fmfp12_136,Lent,L12B,29 Mar-2 Apr 2027,B,0,Past papers,4/5,Timed past-paper practice and correction,cse,"Complete timed questions, self-mark against mark schemes, and correct common errors.",
Year 13 FM,FM FP1/FP2,y13_fmfp12_137,Lent,L12B,29 Mar-2 Apr 2027,B,0,Past papers,5/5,Timed past-paper practice and correction,cse,"Complete timed questions, self-mark against mark schemes, and correct common errors.",
Year 13 FM,FM FP1/FP2,y13_fmfp12_138,Summer,S1A,19-23 Apr 2027,A,0,Summer Term,,"Revision, intervention, study leave or exams",cse,No planned first teaching. Use if students are present for exam readiness.,"Summer term starts. Revision, intervention, exam practice and study leave only."
Year 13 FM,FM FP1/FP2,y13_fmfp12_139,Summer,S2B,26-30 Apr 2027,B,0,Summer Term,,"Revision, intervention, study leave or exams",cse,No planned first teaching. Use if students are present for exam readiness.,"Revision, intervention, exam practice and study leave."
Year 13 FM,FM FP1/FP2,y13_fmfp12_140,Summer,S3A,3-7 May 2027,A,0,Summer Term,,"Revision, intervention, study leave or exams",cse,No planned first teaching. Use if students are present for exam readiness.,"National holiday Tue 4 May. Revision, intervention, exam practice and study leave."
Year 13 FM,FM FP1/FP2,y13_fmfp12_141,Summer,S4B,10-14 May 2027,B,0,Summer Term,,"Revision, intervention, study leave or exams",cse,No planned first teaching. Use if students are present for exam readiness.,"Revision, intervention, exam practice and study leave."
Year 13 FM,FM FP1/FP2,y13_fmfp12_142,Summer,S5A,17-21 May 2027,A,0,Summer Term,,"Revision, intervention, study leave or exams",cse,No planned first teaching. Use if students are present for exam readiness.,"Revision, intervention, exam practice and study leave."
Year 13 FM,FM FP1/FP2,y13_fmfp12_143,Summer,S6B,24-28 May 2027,B,0,Summer Term,,"Revision, intervention, study leave or exams",cse,No planned first teaching. Use if students are present for exam readiness.,"Revision, intervention, exam practice and study leave."
Year 13 FM,FM FP1/FP2,y13_fmfp12_144,Summer,S7A,31 May-4 Jun 2027,A,0,Summer Term,,"Revision, intervention, study leave or exams",cse,No planned first teaching. Use if students are present for exam readiness.,National holidays Thu 3 and Fri 4 Jun. Exams/study leave.
Year 13 FM,FM FP1/FP2,y13_fmfp12_145,Summer,S8B,7-11 Jun 2027,B,0,Summer Term,,"Revision, intervention, study leave or exams",cse,No planned first teaching. Use if students are present for exam readiness.,Exams/study leave.
Year 13 FM,FM FP1/FP2,y13_fmfp12_146,Summer,S9A,14-18 Jun 2027,A,0,Summer Term,,"Revision, intervention, study leave or exams",cse,No planned first teaching. Use if students are present for exam readiness.,Exams/study leave.
Year 13 FM,FM FP1/FP2,y13_fmfp12_147,Summer,S10B,21-25 Jun 2027,B,0,Summer Term,,"Revision, intervention, study leave or exams",cse,No planned first teaching. Use if students are present for exam readiness.,Exams/study leave.
Year 13 FM,FM FP1/FP2,y13_fmfp12_148,Summer,S11A,28-30 Jun 2027,A,0,Summer Term,,"Revision, intervention, study leave or exams",cse,No planned first teaching. Use if students are present for exam readiness.,Final week usually off timetable. No required teaching.
Year 13 FM,FM S2/S3,y13_fms23_001,Michaelmas,M1A,24-28 Aug 2026,A,0,Start of Year,1/1,"Induction, routines, course overview and diagnostic",flex,"Set expectations, confirm calculator and folder systems, review exam-board structure and diagnose prerequisite gaps.","Induction, routines and diagnostics. Welcome day Wed 26 Aug. No formal first teaching."
Year 13 FM,FM S2/S3,y13_fms23_002,Michaelmas,M2B,31 Aug-4 Sep 2026,B,1,S2.1 Binomial Distributions,1/4,S2.1.1 The Binomial Distribution,core,"Define and interpret the binomial distribution B(n, p). Calculate probabilities for given n and p, using or without tables/calculators.; Calculate and interpret cumulative binomial probabilities using tables or calculators. Apply to contextual problems.","Formal teaching starts. Yr 7, 10 and 12 CAT4 testing Wed 2 Sep."
Year 13 FM,FM S2/S3,y13_fms23_003,Michaelmas,M3A,7-11 Sep 2026,A,1,S2.1 Binomial Distributions,2/4,S2.1.2 Cumulative Probabilities,core,"Define and interpret the binomial distribution B(n, p). Calculate probabilities for given n and p, using or without tables/calculators.; Calculate and interpret cumulative binomial probabilities using tables or calculators. Apply to contextual problems.",Exeter 1. External exam review documentation due.
Year 13 FM,FM S2/S3,y13_fms23_004,Michaelmas,M3A,7-11 Sep 2026,A,1,S2.1 Binomial Distributions,3/4,S2.1.3 Mean and Variance of the Binomial Distribution,core,"Define and interpret the binomial distribution B(n, p). Calculate probabilities for given n and p, using or without tables/calculators.; Calculate and interpret cumulative binomial probabilities using tables or calculators. Apply to contextual problems.",
Year 13 FM,FM S2/S3,y13_fms23_005,Michaelmas,M4B,14-18 Sep 2026,B,1,S2.1 Binomial Distributions,★,Unit Test 1: S2.1 Binomial Distributions,assessment,End-of-unit assessment. Use outcomes to identify gaps and set targeted practice before the next block.,Year 7 Tutor and Teacher PTC Wed 16 Sep.
Year 13 FM,FM S2/S3,y13_fms23_006,Michaelmas,M5A,21-25 Sep 2026,A,2,S2.2 Poisson Distributions,1/4,S2.2.1 The Poisson Distribution,core,"Define and use the Poisson distribution with rate parameter λ. Model discrete random events over time or space.; Identify appropriate situations for Poisson modelling and interpret assumptions (independence, constant rate).",Yr 7-13 Interim Report 0 opens Thu 25 Sep.
Year 13 FM,FM S2/S3,y13_fms23_007,Michaelmas,M5A,21-25 Sep 2026,A,2,S2.2 Poisson Distributions,2/4,S2.2.2 Modelling with the Poisson Distribution + S2.2.3 Adding Poisson Distributions,core,"Define and use the Poisson distribution with rate parameter λ. Model discrete random events over time or space.; Identify appropriate situations for Poisson modelling and interpret assumptions (independence, constant rate).",
Year 13 FM,FM S2/S3,y13_fms23_008,Michaelmas,M6B,28 Sep-2 Oct 2026,B,2,S2.2 Poisson Distributions,3/4,S2.2.4 Mean and Variance of a Poisson Distribution,core,"Define and use the Poisson distribution with rate parameter λ. Model discrete random events over time or space.; Identify appropriate situations for Poisson modelling and interpret assumptions (independence, constant rate).",Year 12 progress check. Department SEF and DIP due.
Year 13 FM,FM S2/S3,y13_fms23_009,Michaelmas,M7A,5-9 Oct 2026,A,2,S2.2 Poisson Distributions,★,Unit Test 2: S2.2 Poisson Distributions,assessment,End-of-unit assessment. Use outcomes to identify gaps and set targeted practice before the next block.,IR0 closes Thu 8 Oct. HoD data checks. Year 10 PTC.
Year 13 FM,FM S2/S3,y13_fms23_010,Michaelmas,M7A,5-9 Oct 2026,A,3,S2.3 Approximations,1/3,S2.3.1 Using the Poisson Distribution to Approximate the Binomial + S2.3.2 Approximating a Binomial Distribution + S2.3.3 Approximating a Poisson Distribution by a Normal Distribution + S2.3.4 Choosing the Appropriate Approximation,core,"Apply Poisson approximation to binomial when n is large and p is small. Justify assumptions.; Use a normal distribution as an approximation to the binomial, applying continuity corrections.",
Year 13 FM,FM S2/S3,y13_fms23_011,Michaelmas,M8B,12-16 Oct 2026,B,3,S2.3 Approximations,2/3,"S2.4.1 Continuous Random Variables + S2.4.2 The Cumulative Distribution Function + S2.4.3 Mean and Variance of a Continuous Distribution + S2.4.4 Mode, Median, Quartiles and Percentiles",core,"Apply Poisson approximation to binomial when n is large and p is small. Justify assumptions.; Use a normal distribution as an approximation to the binomial, applying continuity corrections.",13 Oct national holiday. Final teaching week before Michaelmas half-term. Avoid starting a new unit.
Year 13 FM,FM S2/S3,y13_fms23_012,Michaelmas,M9A,26-30 Oct 2026,A,3,S2.3 Approximations,★,Unit Test 3: S2.3 Approximations,assessment,End-of-unit assessment. Use outcomes to identify gaps and set targeted practice before the next block.,Shorter Year 11 mock week. Regular sixth-form teaching continues unless affected by staffing.
Year 13 FM,FM S2/S3,y13_fms23_013,Michaelmas,M9A,26-30 Oct 2026,A,4,S2.5 Continuous Uniform Distribution & S2.6 Sampling and Sampling Distributions,1/4,S2.5.1 The Continuous Uniform Distribution + S2.5.2 Modelling with the Continuous Uniform Distribution,core,"Define and use the uniform distribution on an interval [a, b]. Calculate probabilities, mean and variance.; Apply uniform models in real-world contexts and interpret assumptions.",
Year 13 FM,FM S2/S3,y13_fms23_014,Michaelmas,M10B,2-6 Nov 2026,B,4,S2.5 Continuous Uniform Distribution & S2.6 Sampling and Sampling Distributions,2/4,S2.6.1 Populations and Samples,core,"Define and use the uniform distribution on an interval [a, b]. Calculate probabilities, mean and variance.; Apply uniform models in real-world contexts and interpret assumptions.",Year 12 IR1 opens Mon 2 Nov. Yr 7-11 and 13 IR1 opens Tue 3 Nov.
Year 13 FM,FM S2/S3,y13_fms23_015,Michaelmas,M11A,9-13 Nov 2026,A,4,S2.5 Continuous Uniform Distribution & S2.6 Sampling and Sampling Distributions,3/4,S2.6.2 The Concept of a Statistic + S2.6.3 The Sampling Distribution of a Statistic,core,"Define and use the uniform distribution on an interval [a, b]. Calculate probabilities, mean and variance.; Apply uniform models in real-world contexts and interpret assumptions.",Year 12 IR1 closes Thu 12 Nov. Year 11 mock marking window.
Year 13 FM,FM S2/S3,y13_fms23_016,Michaelmas,M11A,9-13 Nov 2026,A,4,S2.5 Continuous Uniform Distribution & S2.6 Sampling and Sampling Distributions,★,Unit Test 4: S2.5 Continuous Uniform Distribution S2.6 Sampling and Sampling Distributions,assessment,End-of-unit assessment. Use outcomes to identify gaps and set targeted practice before the next block.,
Year 13 FM,FM S2/S3,y13_fms23_017,Michaelmas,M12B,16-20 Nov 2026,B,5,S2.7 Hypothesis Testing,1/4,S2.7.1 Hypothesis Testing + S2.7.2 Finding Critical Values,core,"Describe the logic of hypothesis testing, define H₀ and H₁, and interpret conclusions in context.; Find and interpret critical regions and critical values from distribution tables.",Yr 7-11 and 13 IR1 closes Mon 16 Nov. IR1 checking window.
Year 13 FM,FM S2/S3,y13_fms23_018,Michaelmas,M13A,23-27 Nov 2026,A,5,S2.7 Hypothesis Testing,2/4,S2.7.3 One-Tailed Tests + S2.7.4 Two-Tailed Tests,core,"Describe the logic of hypothesis testing, define H₀ and H₁, and interpret conclusions in context.; Find and interpret critical regions and critical values from distribution tables.",Year 12 IR1 publish and Year 12 PTC Thu 26 Nov.
Year 13 FM,FM S2/S3,y13_fms23_019,Michaelmas,M13A,23-27 Nov 2026,A,5,S2.7 Hypothesis Testing,3/4,S2.7.5 Testing the Mean λ of a Poisson Distribution + S2.7.6 Using Approximations,core,"Describe the logic of hypothesis testing, define H₀ and H₁, and interpret conclusions in context.; Find and interpret critical regions and critical values from distribution tables.",
Year 13 FM,FM S2/S3,y13_fms23_020,Michaelmas,M14B,30 Nov-4 Dec 2026,B,5,S2.7 Hypothesis Testing,★,Unit Test 5: S2.7 Hypothesis Testing,assessment,End-of-unit assessment. Use outcomes to identify gaps and set targeted practice before the next block.,Yr 7-11 and 13 IR1 publish Thu 3 Dec.
Year 13 FM,FM S2/S3,y13_fms23_021,Michaelmas,M15A,7-11 Dec 2026,A,6,S3.1 Sampling & S3.2 Combinations of Random Variables & S3.3 Estimators and Confidence Intervals,1/5,S3.1.1 Sampling + S3.1.2 Using a Random Number Table,core,Understand the principles of random sampling; identify and describe sampling methods.; Use random number tables or technology to select samples. Recognise randomness and bias.,National holidays Mon 7 Dec and Thu 10 Dec. Sixth Form and IGCSE Options Fair Tue 8 Dec.
Year 13 FM,FM S2/S3,y13_fms23_022,Michaelmas,M16B,14-16 Dec 2026,B,6,S3.1 Sampling & S3.2 Combinations of Random Variables & S3.3 Estimators and Confidence Intervals,2/5,S3.1.3 Random Sampling + S3.1.4 Non-Random Sampling,core,Understand the principles of random sampling; identify and describe sampling methods.; Use random number tables or technology to select samples. Recognise randomness and bias.,Final partial week of Michaelmas. No new heavy content.
Year 13 FM,FM S2/S3,y13_fms23_023,Lent,L1A,7-8 Jan 2027,A,6,S3.1 Sampling & S3.2 Combinations of Random Variables & S3.3 Estimators and Confidence Intervals,3/5,S3.2.1 Combinations of Random Variables,core,Understand the principles of random sampling; identify and describe sampling methods.; Use random number tables or technology to select samples. Recognise randomness and bias.,Term restart after INSET on Wed 6 Jan. Partial week.
Year 13 FM,FM S2/S3,y13_fms23_024,Lent,L2B,11-15 Jan 2027,B,0,MOCK WEEK,★,Mock Exam,assessment,No regular teaching. Use mock outcomes for targeted reteaching from L3A.,Year 12 and Year 13 mock week. No regular teaching.
Year 13 FM,FM S2/S3,y13_fms23_025,Lent,L3A,18-22 Jan 2027,A,6,S3.1 Sampling & S3.2 Combinations of Random Variables & S3.3 Estimators and Confidence Intervals,4/5,"S3.3.1 Estimators, Bias and Standard Error + S3.3.2 Confidence Intervals",core,Understand the principles of random sampling; identify and describe sampling methods.; Use random number tables or technology to select samples. Recognise randomness and bias.,Mock review and targeted reteaching. Year 12 and 13 mock results report opens.
Year 13 FM,FM S2/S3,y13_fms23_026,Lent,L3A,18-22 Jan 2027,A,6,S3.1 Sampling & S3.2 Combinations of Random Variables & S3.3 Estimators and Confidence Intervals,★,Unit Test 6: S3.1 Sampling S3.2 Combinations of Random Variables S3.3 Estimators and Confidence Intervals,assessment,End-of-unit assessment. Use outcomes to identify gaps and set targeted practice before the next block.,
Year 13 FM,FM S2/S3,y13_fms23_027,Lent,L4B,25-29 Jan 2027,B,7,S3.4 Central Limit Theorem and Testing the Mean,1/4,S3.4.1 The Central Limit Theorem + S3.4.2 Applying the Central Limit Theorem to Other Distributions,core,State and apply the Central Limit Theorem (CLT). Explain its significance for sampling distributions.; Use the CLT to approximate the distribution of sample means for non-normal populations.,Mock marking/standardisation and report checking window.
Year 13 FM,FM S2/S3,y13_fms23_028,Lent,L5A,1-5 Feb 2027,A,7,S3.4 Central Limit Theorem and Testing the Mean,2/4,S3.4.3 Confidence Intervals Using the Central Limit Theorem + S3.4.4 Hypothesis Testing the Mean,core,State and apply the Central Limit Theorem (CLT). Explain its significance for sampling distributions.; Use the CLT to approximate the distribution of sample means for non-normal populations.,Power BI and report completion window. Use for consolidation where needed.
Year 13 FM,FM S2/S3,y13_fms23_029,Lent,L5A,1-5 Feb 2027,A,7,S3.4 Central Limit Theorem and Testing the Mean,3/4,S3.4.5 Hypothesis Testing for the Difference Between Means + S3.4.6 Use of Large Sample Results for an Unknown Population,core,State and apply the Central Limit Theorem (CLT). Explain its significance for sampling distributions.; Use the CLT to approximate the distribution of sample means for non-normal populations.,
Year 13 FM,FM S2/S3,y13_fms23_030,Lent,L6B,8-12 Feb 2027,B,7,S3.4 Central Limit Theorem and Testing the Mean,★,Unit Test 7: S3.4 Central Limit Theorem and Testing the Mean,assessment,End-of-unit assessment. Use outcomes to identify gaps and set targeted practice before the next block.,Final week before Lent half-term. Year 13 PTC Wed 10 Feb. Avoid starting a new unit.
Year 13 FM,FM S2/S3,y13_fms23_031,Lent,L7A,22-26 Feb 2027,A,8,S3.5 Correlation & S3.6 Goodness of Fit and Contingency Tables,1/5,S3.5.1 Spearman’s Rank Correlation Coefficient + S3.5.2 Hypothesis Testing for Zero Correlation,core,Calculate and interpret Spearman's rank correlation coefficient.; Conduct hypothesis tests for zero correlation using Spearman's rank method.,Return after half-term. Year 11 mock week and Yr 7-9 Adventure Week; sixth-form teaching continues.
Year 13 FM,FM S2/S3,y13_fms23_032,Lent,L7A,22-26 Feb 2027,A,8,S3.5 Correlation & S3.6 Goodness of Fit and Contingency Tables,2/5,S3.6.1 Goodness of Fit + S3.6.2 Degrees of Freedom and the Chi-Squared (χ²) Family of Distributions,core,Calculate and interpret Spearman's rank correlation coefficient.; Conduct hypothesis tests for zero correlation using Spearman's rank method.,
Year 13 FM,FM S2/S3,y13_fms23_033,Lent,L8B,1-5 Mar 2027,B,8,S3.5 Correlation & S3.6 Goodness of Fit and Contingency Tables,3/5,S3.6.3 Testing a Hypothesis + S3.6.4 Testing the Goodness of Fit with Discrete Data,core,Calculate and interpret Spearman's rank correlation coefficient.; Conduct hypothesis tests for zero correlation using Spearman's rank method.,Yr 7-10 and 12 IR3 opens. Year 11 and 13 Full Report 3 opens.
Year 13 FM,FM S2/S3,y13_fms23_034,Lent,L9A,8-12 Mar 2027,A,8,S3.5 Correlation & S3.6 Goodness of Fit and Contingency Tables,4/5,S3.6.5 Testing the Goodness of Fit with Continuous Data + S3.6.6 Using Contingency Tables,core,Calculate and interpret Spearman's rank correlation coefficient.; Conduct hypothesis tests for zero correlation using Spearman's rank method.,IR3 and full report checking window. Use for final content and consolidation.
Year 13 FM,FM S2/S3,y13_fms23_035,Lent,L9A,8-12 Mar 2027,A,8,S3.5 Correlation & S3.6 Goodness of Fit and Contingency Tables,★,Unit Test 8: S3.5 Correlation S3.6 Goodness of Fit and Contingency Tables,assessment,End-of-unit assessment. Use outcomes to identify gaps and set targeted practice before the next block.,
Year 13 FM,FM S2/S3,y13_fms23_036,Lent,L10B,15-19 Mar 2027,B,0,Cumulative review,1/1,"Cumulative review, problem-solving and targeted intervention",cse,Revisit recent unit-test errors and practise mixed exam-style questions.,Target deadline for first teaching: finish all examinable content by Fri 19 Mar.
Year 13 FM,FM S2/S3,y13_fms23_037,Lent,L11A,22-26 Mar 2027,A,0,Past papers,1/2,Timed past-paper practice and correction,cse,"Complete timed questions, self-mark against mark schemes, and correct common errors.",Protected past-paper practice week. No new first teaching.
Year 13 FM,FM S2/S3,y13_fms23_038,Lent,L11A,22-26 Mar 2027,A,0,Past papers,2/2,Timed past-paper practice and correction,cse,"Complete timed questions, self-mark against mark schemes, and correct common errors.",
Year 13 FM,FM S2/S3,y13_fms23_039,Lent,L12B,29 Mar-2 Apr 2027,B,0,Past papers,1/1,Timed past-paper practice and correction,cse,"Complete timed questions, self-mark against mark schemes, and correct common errors.",Protected past-paper practice week and end of Lent. No new first teaching.
Year 13 FM,FM S2/S3,y13_fms23_040,Summer,S1A,19-23 Apr 2027,A,0,Summer Term,,"Revision, intervention, study leave or exams",cse,No planned first teaching. Use if students are present for exam readiness.,"Summer term starts. Revision, intervention, exam practice and study leave only."
Year 13 FM,FM S2/S3,y13_fms23_041,Summer,S2B,26-30 Apr 2027,B,0,Summer Term,,"Revision, intervention, study leave or exams",cse,No planned first teaching. Use if students are present for exam readiness.,"Revision, intervention, exam practice and study leave."
Year 13 FM,FM S2/S3,y13_fms23_042,Summer,S3A,3-7 May 2027,A,0,Summer Term,,"Revision, intervention, study leave or exams",cse,No planned first teaching. Use if students are present for exam readiness.,"National holiday Tue 4 May. Revision, intervention, exam practice and study leave."
Year 13 FM,FM S2/S3,y13_fms23_043,Summer,S4B,10-14 May 2027,B,0,Summer Term,,"Revision, intervention, study leave or exams",cse,No planned first teaching. Use if students are present for exam readiness.,"Revision, intervention, exam practice and study leave."
Year 13 FM,FM S2/S3,y13_fms23_044,Summer,S5A,17-21 May 2027,A,0,Summer Term,,"Revision, intervention, study leave or exams",cse,No planned first teaching. Use if students are present for exam readiness.,"Revision, intervention, exam practice and study leave."
Year 13 FM,FM S2/S3,y13_fms23_045,Summer,S6B,24-28 May 2027,B,0,Summer Term,,"Revision, intervention, study leave or exams",cse,No planned first teaching. Use if students are present for exam readiness.,"Revision, intervention, exam practice and study leave."
Year 13 FM,FM S2/S3,y13_fms23_046,Summer,S7A,31 May-4 Jun 2027,A,0,Summer Term,,"Revision, intervention, study leave or exams",cse,No planned first teaching. Use if students are present for exam readiness.,National holidays Thu 3 and Fri 4 Jun. Exams/study leave.
Year 13 FM,FM S2/S3,y13_fms23_047,Summer,S8B,7-11 Jun 2027,B,0,Summer Term,,"Revision, intervention, study leave or exams",cse,No planned first teaching. Use if students are present for exam readiness.,Exams/study leave.
Year 13 FM,FM S2/S3,y13_fms23_048,Summer,S9A,14-18 Jun 2027,A,0,Summer Term,,"Revision, intervention, study leave or exams",cse,No planned first teaching. Use if students are present for exam readiness.,Exams/study leave.
Year 13 FM,FM S2/S3,y13_fms23_049,Summer,S10B,21-25 Jun 2027,B,0,Summer Term,,"Revision, intervention, study leave or exams",cse,No planned first teaching. Use if students are present for exam readiness.,Exams/study leave.
Year 13 FM,FM S2/S3,y13_fms23_050,Summer,S11A,28-30 Jun 2027,A,0,Summer Term,,"Revision, intervention, study leave or exams",cse,No planned first teaching. Use if students are present for exam readiness.,Final week usually off timetable. No required teaching.
Year 13 FM,FM M2,y13_fmm2_001,Michaelmas,M1A,24-28 Aug 2026,A,0,Start of Year,1/1,"Induction, routines, course overview and diagnostic",flex,"Set expectations, confirm calculator and folder systems, review exam-board structure and diagnose prerequisite gaps.","Induction, routines and diagnostics. Welcome day Wed 26 Aug. No formal first teaching."
Year 13 FM,FM M2,y13_fmm2_002,Michaelmas,M2B,31 Aug-4 Sep 2026,B,1,M2.1 Projectiles,1/4,M2.1.1 Horizontal Projection,core,Analyse motion in a horizontal plane and resolve motion into horizontal components.; Resolve velocity and acceleration into horizontal and vertical components.,"Formal teaching starts. Yr 7, 10 and 12 CAT4 testing Wed 2 Sep."
Year 13 FM,FM M2,y13_fmm2_003,Michaelmas,M3A,7-11 Sep 2026,A,1,M2.1 Projectiles,2/4,M2.1.2 Horizontal and Vertical Components + M2.1.3 Projection at Any Angle,core,Analyse motion in a horizontal plane and resolve motion into horizontal components.; Resolve velocity and acceleration into horizontal and vertical components.,Exeter 1. External exam review documentation due.
Year 13 FM,FM M2,y13_fmm2_004,Michaelmas,M3A,7-11 Sep 2026,A,1,M2.1 Projectiles,3/4,M2.1.4 Projectile Motion Formulae,core,Analyse motion in a horizontal plane and resolve motion into horizontal components.; Resolve velocity and acceleration into horizontal and vertical components.,
Year 13 FM,FM M2,y13_fmm2_005r,Michaelmas,M4B,14-18 Sep 2026,B,1,M2.1 Projectiles,,Revision,cse,Mixed revision and exam-style practice for M2.1 Projectiles.,
Year 13 FM,FM M2,y13_fmm2_005,Michaelmas,M4B,14-18 Sep 2026,B,1,M2.1 Projectiles,★,Unit Test 1: M2.1 Projectiles,assessment,End-of-unit assessment. Use outcomes to identify gaps and set targeted practice before the next block.,Year 7 Tutor and Teacher PTC Wed 16 Sep.
Year 13 FM,FM M2,y13_fmm2_006,Michaelmas,M5A,21-25 Sep 2026,A,2,M2.2 Variable Acceleration,1/6,M2.2.1 Functions of Time,core,"Express displacement, velocity, and acceleration as functions of time.; Use differentiation to relate displacement, velocity, and acceleration.",Yr 7-13 Interim Report 0 opens Thu 25 Sep.
Year 13 FM,FM M2,y13_fmm2_007,Michaelmas,M5A,21-25 Sep 2026,A,2,M2.2 Variable Acceleration,2/6,M2.2.2 Using Differentiation,core,"Express displacement, velocity, and acceleration as functions of time.; Use differentiation to relate displacement, velocity, and acceleration.",
Year 13 FM,FM M2,y13_fmm2_008,Michaelmas,M6B,28 Sep-2 Oct 2026,B,2,M2.2 Variable Acceleration,3/6,M2.2.3 Using Integration + M2.2.4 Differentiating Vectors,core,"Express displacement, velocity, and acceleration as functions of time.; Use differentiation to relate displacement, velocity, and acceleration.",Year 12 progress check. Department SEF and DIP due.
Year 13 FM,FM M2,y13_fmm2_009,Michaelmas,M7A,5-9 Oct 2026,A,2,M2.2 Variable Acceleration,4/6,M2.2.5 Integrating Vectors,core,"Express displacement, velocity, and acceleration as functions of time.; Use differentiation to relate displacement, velocity, and acceleration.",IR0 closes Thu 8 Oct. HoD data checks. Year 10 PTC.
Year 13 FM,FM M2,y13_fmm2_010,Michaelmas,M7A,5-9 Oct 2026,A,2,M2.2 Variable Acceleration,5/6,M2.2.6 Constant Acceleration Formulae,core,"Express displacement, velocity, and acceleration as functions of time.; Use differentiation to relate displacement, velocity, and acceleration.",
Year 13 FM,FM M2,y13_fmm2_011r,Michaelmas,M8B,12-16 Oct 2026,B,2,M2.2 Variable Acceleration,,Revision,cse,Mixed revision and exam-style practice for M2.2 Variable Acceleration.,
Year 13 FM,FM M2,y13_fmm2_011,Michaelmas,M8B,12-16 Oct 2026,B,2,M2.2 Variable Acceleration,★,Unit Test 2: M2.2 Variable Acceleration,assessment,End-of-unit assessment. Use outcomes to identify gaps and set targeted practice before the next block.,13 Oct national holiday. Final teaching week before Michaelmas half-term. Avoid starting a new unit.
Year 13 FM,FM M2,y13_fmm2_012,Michaelmas,M9A,26-30 Oct 2026,A,3,M2.3 Centres of Mass,1/10,M2.3.1 Centre of Mass of a Set of Particles on a Straight Line,core,Calculate the centre of mass of particles placed on a straight line.; Calculate the centre of mass of particles arranged in a plane.,Shorter Year 11 mock week. Regular sixth-form teaching continues unless affected by staffing.
Year 13 FM,FM M2,y13_fmm2_013,Michaelmas,M9A,26-30 Oct 2026,A,3,M2.3 Centres of Mass,2/10,M2.3.2 Centre of Mass of a Set of Particles Arranged in a Plane,core,Calculate the centre of mass of particles placed on a straight line.; Calculate the centre of mass of particles arranged in a plane.,
Year 13 FM,FM M2,y13_fmm2_014,Michaelmas,M10B,2-6 Nov 2026,B,3,M2.3 Centres of Mass,3/10,M2.3.3 Centres of Mass of Standard Uniform Plane Laminas,core,Calculate the centre of mass of particles placed on a straight line.; Calculate the centre of mass of particles arranged in a plane.,Year 12 IR1 opens Mon 2 Nov. Yr 7-11 and 13 IR1 opens Tue 3 Nov.
Year 13 FM,FM M2,y13_fmm2_015,Michaelmas,M11A,9-13 Nov 2026,A,3,M2.3 Centres of Mass,4/10,M2.3.4 Centre of Mass of a Composite Lamina,core,Calculate the centre of mass of particles placed on a straight line.; Calculate the centre of mass of particles arranged in a plane.,Year 12 IR1 closes Thu 12 Nov. Year 11 mock marking window.
Year 13 FM,FM M2,y13_fmm2_016,Michaelmas,M11A,9-13 Nov 2026,A,3,M2.3 Centres of Mass,5/10,M2.3 Centres of Mass teaching and practice,core,Calculate the centre of mass of particles placed on a straight line.; Calculate the centre of mass of particles arranged in a plane.,
Year 13 FM,FM M2,y13_fmm2_017,Michaelmas,M12B,16-20 Nov 2026,B,3,M2.3 Centres of Mass,6/10,M2.3.5 Centre of Mass of a Framework,core,Calculate the centre of mass of particles placed on a straight line.; Calculate the centre of mass of particles arranged in a plane.,Yr 7-11 and 13 IR1 closes Mon 16 Nov. IR1 checking window.
Year 13 FM,FM M2,y13_fmm2_018,Michaelmas,M13A,23-27 Nov 2026,A,3,M2.3 Centres of Mass,7/10,M2.3.6 Laminas in Equilibrium,core,Calculate the centre of mass of particles placed on a straight line.; Calculate the centre of mass of particles arranged in a plane.,Year 12 IR1 publish and Year 12 PTC Thu 26 Nov.
Year 13 FM,FM M2,y13_fmm2_019,Michaelmas,M13A,23-27 Nov 2026,A,3,M2.3 Centres of Mass,8/10,M2.3.7 Frameworks in Equilibrium,core,Calculate the centre of mass of particles placed on a straight line.; Calculate the centre of mass of particles arranged in a plane.,
Year 13 FM,FM M2,y13_fmm2_020,Michaelmas,M14B,30 Nov-4 Dec 2026,B,3,M2.3 Centres of Mass,9/10,M2.3.8 Non-Uniform Composite Laminas and Frameworks,core,Calculate the centre of mass of particles placed on a straight line.; Calculate the centre of mass of particles arranged in a plane.,Yr 7-11 and 13 IR1 publish Thu 3 Dec.
Year 13 FM,FM M2,y13_fmm2_021r,Michaelmas,M15A,7-11 Dec 2026,A,3,M2.3 Centres of Mass,,Revision,cse,Mixed revision and exam-style practice for M2.3 Centres of Mass.,
Year 13 FM,FM M2,y13_fmm2_021,Michaelmas,M15A,7-11 Dec 2026,A,3,M2.3 Centres of Mass,★,Unit Test 3: M2.3 Centres of Mass,assessment,End-of-unit assessment. Use outcomes to identify gaps and set targeted practice before the next block.,National holidays Mon 7 Dec and Thu 10 Dec. Sixth Form and IGCSE Options Fair Tue 8 Dec.
Year 13 FM,FM M2,y13_fmm2_022,Michaelmas,M16B,14-16 Dec 2026,B,0,Cumulative review,1/1,Pre-break consolidation and retrieval practice,cse,Use mixed questions from the previous unit. Do not start the next unit before the break.,Final partial week of Michaelmas. No new heavy content.
Year 13 FM,FM M2,y13_fmm2_023,Lent,L1A,7-8 Jan 2027,A,4,M2.4 Work and Energy & M2.5 Impulses and Collisions & M2.6 Statics of Rigid Bodies,1/12,M2.4.1 Work Done,core,Calculate the work done by a force acting through a displacement.; Define and calculate kinetic and potential energy for moving bodies.,Term restart after INSET on Wed 6 Jan. Partial week.
Year 13 FM,FM M2,y13_fmm2_024,Lent,L2B,11-15 Jan 2027,B,0,MOCK WEEK,★,Mock Exam,assessment,No regular teaching. Use mock outcomes for targeted reteaching from L3A.,Year 12 and Year 13 mock week. No regular teaching.
Year 13 FM,FM M2,y13_fmm2_025,Lent,L3A,18-22 Jan 2027,A,4,M2.4 Work and Energy & M2.5 Impulses and Collisions & M2.6 Statics of Rigid Bodies,2/12,M2.4.2 Kinetic and Potential Energy,core,Calculate the work done by a force acting through a displacement.; Define and calculate kinetic and potential energy for moving bodies.,Mock review and targeted reteaching. Year 12 and 13 mock results report opens.
Year 13 FM,FM M2,y13_fmm2_026,Lent,L3A,18-22 Jan 2027,A,4,M2.4 Work and Energy & M2.5 Impulses and Collisions & M2.6 Statics of Rigid Bodies,3/12,M2.4.3 Conservation of Mechanical Energy and Work–Energy Principle,core,Calculate the work done by a force acting through a displacement.; Define and calculate kinetic and potential energy for moving bodies.,
Year 13 FM,FM M2,y13_fmm2_027,Lent,L4B,25-29 Jan 2027,B,4,M2.4 Work and Energy & M2.5 Impulses and Collisions & M2.6 Statics of Rigid Bodies,4/12,M2.4.4 Power,core,Calculate the work done by a force acting through a displacement.; Define and calculate kinetic and potential energy for moving bodies.,Mock marking/standardisation and report checking window.
Year 13 FM,FM M2,y13_fmm2_028,Lent,L5A,1-5 Feb 2027,A,4,M2.4 Work and Energy & M2.5 Impulses and Collisions & M2.6 Statics of Rigid Bodies,5/12,M2.5.1 Momentum as a Vector,core,Calculate the work done by a force acting through a displacement.; Define and calculate kinetic and potential energy for moving bodies.,Power BI and report completion window. Use for consolidation where needed.
Year 13 FM,FM M2,y13_fmm2_029,Lent,L5A,1-5 Feb 2027,A,4,M2.4 Work and Energy & M2.5 Impulses and Collisions & M2.6 Statics of Rigid Bodies,6/12,M2.4 Work and Energy M2.5 Impulses and Collisions M2.6 Statics of Rigid Bodies teaching and practice,core,Calculate the work done by a force acting through a displacement.; Define and calculate kinetic and potential energy for moving bodies.,
Year 13 FM,FM M2,y13_fmm2_030,Lent,L6B,8-12 Feb 2027,B,4,M2.4 Work and Energy & M2.5 Impulses and Collisions & M2.6 Statics of Rigid Bodies,7/12,M2.5.2 Direct Impact and Newton’s Law of Restitution,core,Calculate the work done by a force acting through a displacement.; Define and calculate kinetic and potential energy for moving bodies.,Final week before Lent half-term. Year 13 PTC Wed 10 Feb. Avoid starting a new unit.
Year 13 FM,FM M2,y13_fmm2_031,Lent,L7A,22-26 Feb 2027,A,4,M2.4 Work and Energy & M2.5 Impulses and Collisions & M2.6 Statics of Rigid Bodies,8/12,M2.5.3 Direct Collision with a Smooth Plane,core,Calculate the work done by a force acting through a displacement.; Define and calculate kinetic and potential energy for moving bodies.,Return after half-term. Year 11 mock week and Yr 7-9 Adventure Week; sixth-form teaching continues.
Year 13 FM,FM M2,y13_fmm2_032,Lent,L7A,22-26 Feb 2027,A,4,M2.4 Work and Energy & M2.5 Impulses and Collisions & M2.6 Statics of Rigid Bodies,9/12,M2.5.4 Loss of Kinetic Energy,core,Calculate the work done by a force acting through a displacement.; Define and calculate kinetic and potential energy for moving bodies.,
Year 13 FM,FM M2,y13_fmm2_033,Lent,L8B,1-5 Mar 2027,B,4,M2.4 Work and Energy & M2.5 Impulses and Collisions & M2.6 Statics of Rigid Bodies,10/12,M2.5.5 Successive Direct Impacts,core,Calculate the work done by a force acting through a displacement.; Define and calculate kinetic and potential energy for moving bodies.,Yr 7-10 and 12 IR3 opens. Year 11 and 13 Full Report 3 opens.
Year 13 FM,FM M2,y13_fmm2_034,Lent,L9A,8-12 Mar 2027,A,4,M2.4 Work and Energy & M2.5 Impulses and Collisions & M2.6 Statics of Rigid Bodies,11/12,M2.6.1 Static Rigid Bodies,core,Calculate the work done by a force acting through a displacement.; Define and calculate kinetic and potential energy for moving bodies.,IR3 and full report checking window. Use for final content and consolidation.
Year 13 FM,FM M2,y13_fmm2_035r,Lent,L9A,8-12 Mar 2027,A,4,M2.4 Work and Energy & M2.5 Impulses and Collisions & M2.6 Statics of Rigid Bodies,,Revision,cse,Mixed revision and exam-style practice for M2.4 Work and Energy M2.5 Impulses and Collisions M2.6 Statics of Rigid Bodies.,
Year 13 FM,FM M2,y13_fmm2_035,Lent,L9A,8-12 Mar 2027,A,4,M2.4 Work and Energy & M2.5 Impulses and Collisions & M2.6 Statics of Rigid Bodies,★,Unit Test 4: M2.4 Work and Energy M2.5 Impulses and Collisions M2.6 Statics of Rigid Bodies,assessment,End-of-unit assessment. Use outcomes to identify gaps and set targeted practice before the next block.,
Year 13 FM,FM M2,y13_fmm2_036,Lent,L10B,15-19 Mar 2027,B,0,Cumulative review,1/1,"Cumulative review, problem-solving and targeted intervention",cse,Revisit recent unit-test errors and practise mixed exam-style questions.,Target deadline for first teaching: finish all examinable content by Fri 19 Mar.
Year 13 FM,FM M2,y13_fmm2_037,Lent,L11A,22-26 Mar 2027,A,0,Past papers,1/2,Timed past-paper practice and correction,cse,"Complete timed questions, self-mark against mark schemes, and correct common errors.",Protected past-paper practice week. No new first teaching.
Year 13 FM,FM M2,y13_fmm2_038,Lent,L11A,22-26 Mar 2027,A,0,Past papers,2/2,Timed past-paper practice and correction,cse,"Complete timed questions, self-mark against mark schemes, and correct common errors.",
Year 13 FM,FM M2,y13_fmm2_039,Lent,L12B,29 Mar-2 Apr 2027,B,0,Past papers,1/1,Timed past-paper practice and correction,cse,"Complete timed questions, self-mark against mark schemes, and correct common errors.",Protected past-paper practice week and end of Lent. No new first teaching.
Year 13 FM,FM M2,y13_fmm2_040,Summer,S1A,19-23 Apr 2027,A,0,Summer Term,,"Revision, intervention, study leave or exams",cse,No planned first teaching. Use if students are present for exam readiness.,"Summer term starts. Revision, intervention, exam practice and study leave only."
Year 13 FM,FM M2,y13_fmm2_041,Summer,S2B,26-30 Apr 2027,B,0,Summer Term,,"Revision, intervention, study leave or exams",cse,No planned first teaching. Use if students are present for exam readiness.,"Revision, intervention, exam practice and study leave."
Year 13 FM,FM M2,y13_fmm2_042,Summer,S3A,3-7 May 2027,A,0,Summer Term,,"Revision, intervention, study leave or exams",cse,No planned first teaching. Use if students are present for exam readiness.,"National holiday Tue 4 May. Revision, intervention, exam practice and study leave."
Year 13 FM,FM M2,y13_fmm2_043,Summer,S4B,10-14 May 2027,B,0,Summer Term,,"Revision, intervention, study leave or exams",cse,No planned first teaching. Use if students are present for exam readiness.,"Revision, intervention, exam practice and study leave."
Year 13 FM,FM M2,y13_fmm2_044,Summer,S5A,17-21 May 2027,A,0,Summer Term,,"Revision, intervention, study leave or exams",cse,No planned first teaching. Use if students are present for exam readiness.,"Revision, intervention, exam practice and study leave."
Year 13 FM,FM M2,y13_fmm2_045,Summer,S6B,24-28 May 2027,B,0,Summer Term,,"Revision, intervention, study leave or exams",cse,No planned first teaching. Use if students are present for exam readiness.,"Revision, intervention, exam practice and study leave."
Year 13 FM,FM M2,y13_fmm2_046,Summer,S7A,31 May-4 Jun 2027,A,0,Summer Term,,"Revision, intervention, study leave or exams",cse,No planned first teaching. Use if students are present for exam readiness.,National holidays Thu 3 and Fri 4 Jun. Exams/study leave.
Year 13 FM,FM M2,y13_fmm2_047,Summer,S8B,7-11 Jun 2027,B,0,Summer Term,,"Revision, intervention, study leave or exams",cse,No planned first teaching. Use if students are present for exam readiness.,Exams/study leave.
Year 13 FM,FM M2,y13_fmm2_048,Summer,S9A,14-18 Jun 2027,A,0,Summer Term,,"Revision, intervention, study leave or exams",cse,No planned first teaching. Use if students are present for exam readiness.,Exams/study leave.
Year 13 FM,FM M2,y13_fmm2_049,Summer,S10B,21-25 Jun 2027,B,0,Summer Term,,"Revision, intervention, study leave or exams",cse,No planned first teaching. Use if students are present for exam readiness.,Exams/study leave.
Year 13 FM,FM M2,y13_fmm2_050,Summer,S11A,28-30 Jun 2027,A,0,Summer Term,,"Revision, intervention, study leave or exams",cse,No planned first teaching. Use if students are present for exam readiness.,Final week usually off timetable. No required teaching.